ID,date_data_entry,data_enterer,processing_date,location,field_site_detail,field_site,weather,processing_time,handler,data_recorder,trap_number,animals_per_trap,capture,species,ear_tag_number,body_mass,sex,testes,perforate,nipples,lactating,pregnant,pelage,body_length,dna_number,blood_number,eye_bled,feces_number,fleas,botflies,botscars,wounds,ticks_head,ticks_neck,tick_taken_number,dead,dead_in_trap,rigor_mortis,vd_eye_number,Notes
10,7/13/2019,JEM,7/10/2019,IBSL,ozawindib_1,ozawindib_1,OVERCAST,7:47,SW,SW,A1,1,N,pspp,,22,1,0,,,,,B,87,101,101,R,101,0,0,0,0,3,0,,0,0,0,,TAIL TALK; ISO'D TWICE
11,7/13/2019,JEM,7/10/2019,IBSL,ozawindib_1,ozawindib_1,PARTLY CLOUDY,8:14,SW,CCA,A3,1,N,pspp,,21,1,1,,,,,B,79,103,103,R,103,0,0,0,0,6,0,,0,0,0,,ISO'D TWICE
12,7/13/2019,JEM,7/10/2019,IBSL,ozawindib_1,ozawindib_1,PARTLY CLOUDY,8:36,SW,CCA,C7,1,N,pspp,,33,0,,1,1,0,0,B,96,105,105,R,105,0,0,0,1,0,0,,0,0,0,,WOUND ON RIGHT FRONT LEG
15,7/13/2019,JEM,7/10/2019,IBSL,ozawindib_1,ozawindib_1,OVERCAST,8:54,SW,CCA,D4,1,N,pspp,,14,1,0,,,,,B,82,107,107,R,107,0,0,0,1,0,0,,0,0,0,,MANICULATUS?; WOUND: SCARRING UNDER TAIL
16,7/13/2019,JEM,7/10/2019,IBSL,ozawindib_1,ozawindib_1,OVERCAST,9:16,SW,CCA,D5,1,N,pspp,,16,1,0,,,,,B,80,109,109,R,109,0,0,0,0,2,0,,0,0,0,,
17,7/13/2019,JEM,7/10/2019,IBSL,ozawindib_1,ozawindib_1,OVERCAST,9:30,SW,CCA,D7,1,N,pspp,,21,1,1,,,,,B,77,111,111,R,111,1,0,0,0,4,1,111,0,0,0,,"TOOK TICK IS ENGORGED ?NYMPH? FROM BACK OF NECK, TT-111; ISO'D TWICE; RUNNY FECES"
18,7/13/2019,JEM,7/10/2019,IBSL,ozawindib_1,ozawindib_1,OVERCAST,9:50,SW,CCA,E6,1,N,pspp,,12,0,,1,0,0,0,G,70,113,113,R,113,0,0,0,0,1,0,,0,0,0,,LEFT EYE IS CLOSED
19,7/13/2019,JEM,7/10/2019,IBSL,ozawindib_1,ozawindib_1,L RAIN,10:05,SW,CCA,F5,1,N,pspp,,15,0,,0,0,0,0,B,78,115,115,R,115,0,0,0,1,3,0,,0,0,0,,SMALL PIECE OF LEFT EAR MISSING-WOUND; TAIL TALK; GROOMED SELF
20,7/13/2019,JEM,7/10/2019,IBSL,ozawindib_1,ozawindib_1,OVERCAST,7:00,JEM,JEM,F9,1,N,Myodes_spp,,,1,,,,,,,,,,,,,,,,,,,1,1,1,NONE,"CAUGHT 1/2 WAY OUT OF TRAP, DEAD; SAVED FOR BELL COLLECTIONS"
21,7/13/2019,JEM,7/10/2019,IBSL,ozawindib_2,ozawindib_2,PARTLY CLOUDY,7:52,JEM,CCA,Z8,1,N,pspp,,28,1,1,,,,,B,102,100,100,R,100,1,0,0,0,6,1,,0,0,0,,P LEU?
22,7/13/2019,JEM,7/10/2019,IBSL,ozawindib_2,ozawindib_2,PARTLY CLOUDY,8:14,JEM,JEM,U6,1,N,pspp,,25,0,,0,1,0,0,B,97,102,102,R,102,0,0,0,1,3,0,,0,0,0,,V PLUG; NICK ON EAR - WOUND; 1 NYMPH ON EAR
23,7/13/2019,JEM,7/10/2019,IBSL,ozawindib_2,ozawindib_2,OVERCAST,8:30,JEM,JEM,Z1,1,N,pspp,,29,1,0,,,,,B,98,104,104,R,104,1,0,0,0,4,0,,0,0,0,,
24,7/13/2019,JEM,7/10/2019,IBSL,ozawindib_2,ozawindib_2,OVERCAST,8:41,JEM,JEM,V6,1,N,pspp,,22.5,1,0,,,,,B,85,106,106,R,106,1,0,0,0,3,0,,0,0,0,,3 NYMPHS ON HEAD
25,7/13/2019,JEM,7/10/2019,IBSL,ozawindib_2,ozawindib_2,OVERCAST,8:54,JEM,JEM,W1,1,N,pspp,,26,1,0,,,,,B,90,108,108,R,108,1,0,0,1,1,1,108,0,0,0,,"TURNING ORANGE; TESTES DESCENDING; NYMPH TAKEN TT108; OLD EAR PUNCH IN L EAR? - WOUND; FECAL=BEIGE AND MUSHY, NOT MUCH; NYMPH ON BACK OF NECK (TAKEN)"
26,7/13/2019,JEM,7/10/2019,IBSL,ozawindib_2,ozawindib_2,OVERCAST,9:12,JEM,JEM,X6,1,N,pspp,,21.5,1,0,,,,,B,85,110,110,R,110,1,0,0,0,0,0,,0,0,0,,TESTES DESCENDING?; VERY CLEAN MOUSE
27,7/13/2019,JEM,7/10/2019,IBSL,ozawindib_2,ozawindib_2,"OVERCAST, MISTY",9:25,JEM,JEM,W2,1,N,pspp,,9,1,0,,,,,G,60,112,112,R,112,1,0,0,0,0,0,,0,0,0,,1 TUBE BLOOD
28,7/13/2019,JEM,7/10/2019,IBSL,ozawindib_2,ozawindib_2,"OVERCAST, MISTING",9:48,JEM,JEM,Y4,1,N,pspp,,25.5,0,,0,1,0,0,B,99.5,114,114,R,114,0,0,0,0,1,2,114,0,0,0,,V PLUG; 2 ENGORGED TICKS TAKEN = 1 ENGORGED NYMPH FOUND ON MOUSE - NOT ATTACHED AND 1 ENGORGED ADULT?
29,7/13/2019,JEM,7/10/2019,IBSL,ozawindib_1,ozawindib_1,L RAIN,10:06,JEM,JEM,F1,1,N,pspp,,16,0,,1,0,0,0,P,81.5,116,116,R,116,1,0,0,0,2,0,,0,0,0,,
30,7/14/2019,JEM,7/11/2019,IBSL,ozawindib_1,ozawindib_1,SUNNY,8:07,SW,CCA,A3,1,WR,pspp,,,,,,,,,B,,,,,,,,,,,,,0,0,0,,"BODY MASS WAS 43-(BAG/BALL (21-22G) AND OATS); ORANGE-ISH COLOR; SW STRUGGLED WITH BIOPSY PUNCH PREVIOUS DAY, DECIDED AS WR"
31,7/14/2019,JEM,7/11/2019,IBSL,ozawindib_1,ozawindib_1,SUNNY,8:50,SW,CCA,E7,1,WR,pspp,,19.5,1,1,,,,,B,81,,,,,,,,,0,1,PERO 4,0,0,0,,"RECAPTURE, WAS ISO'D (NO BLOOD TAKEN); NYMPH TAKEN BEHIND RIGHT EAR, TT-PERO 4"
32,7/14/2019,JEM,7/11/2019,IBSL,ozawindib_1,ozawindib_1,SUNNY,7:12,JEM,CCA,E3,1,WR,pspp,,,,,,,,,P,,,,,,,,,,,,,0,0,0,,
33,7/14/2019,JEM,7/11/2019,IBSL,ozawindib_1,ozawindib_1,SUNNY,7:12,JEM,CCA,A8,1,WR,pspp,,,,,,,,,B,,,,,,,,,,,,,0,0,0,,
34,7/14/2019,JEM,7/11/2019,IBSL,ozawindib_1,ozawindib_1,SUNNY,7:12,JEM,CCA,E8,1,WR,pspp,,,,,,,,,B,,,,,,,,,,,,,0,0,0,,
35,7/14/2019,JEM,7/11/2019,IBSL,ozawindib_1,ozawindib_1,SUNNY,7:12,JEM,CCA,D1,1,WR,pspp,,,,,,,,,B,,,,,,,,,,,,,0,0,0,,
36,7/14/2019,JEM,7/11/2019,IBSL,ozawindib_2,ozawindib_2,SUNNY,7:12,JEM,CCA,Y3,1,WR,pspp,,,,,,,,,B,,,,,,,,,,,,,0,0,0,,TAIL TALK
37,7/14/2019,JEM,7/11/2019,IBSL,ozawindib_2,ozawindib_2,SUNNY,7:12,JEM,CCA,Z5,1,WR,pspp,,,,,,,,,B,,,,,,,,,,,,,0,0,0,,
38,7/14/2019,JEM,7/11/2019,IBSL,ozawindib_1,ozawindib_1,SUNNY,7:20,JEM,CCA,D5,1,WR,pspp,,,,,,,,,G,,,,,,,,,,,,,0,0,0,,PELAGE= G/P
39,7/14/2019,JEM,7/11/2019,IBSL,ozawindib_1,ozawindib_1,SUNNY,7:20,JEM,CCA,F5,1,WR,pspp,,,,,,,,,B,,,,,,,,,,,,,0,0,0,,
40,7/14/2019,JEM,7/11/2019,IBSL,ozawindib_1,ozawindib_1,SUNNY,7:20,JEM,CCA,F4,1,WR,pspp,,,,,,,,,B,,,,,,,,,,,,,0,0,0,,
41,7/14/2019,JEM,7/11/2019,IBSL,ozawindib_2,ozawindib_2,SUNNY,8:10,JEM,JEM,V8,1,WR,pspp,,,1,0,,,,,B,,,,,,,,,,,,,0,0,0,,TURNING ORANGE; TESTES DESCENDING; PERO1 FECAL FOR ANNIE
42,7/14/2019,JEM,7/11/2019,IBSL,ozawindib_2,ozawindib_2,SUNNY,8:22,JEM,JEM,V3,1,WR,pspp,,24,0,,0,1,0,1,B,,,,,,,0,0,0,2,1,PERO 2,0,0,0,,TAIL TALK; V PLUG; ENGORGED NYMPH TAKEN FROM BACK OF NECK; NYMPH ON EAR (AND LARVAE); BREIF ISO FOR NYMPH TICK; FECAL FOR ANNIE (PERO 2)
43,7/14/2019,JEM,7/11/2019,IBSL,ozawindib_1,ozawindib_1,SUNNY,8:15,SW,CCA,E1,1,N,pspp,,16.5,1,1,,,,,P,82,117,117,R,117,0,0,0,0,2,0,,0,0,0,,P.LEU?; URINATED
44,7/14/2019,JEM,7/11/2019,IBSL,ozawindib_1,ozawindib_1,SUNNY,8:29,SW,CCA,E6,1,N,pspp,,14.5,1,0,,,,,B,80,119,119,R,119,0,0,0,4,1,0,,0,0,0,,"ISO'D TWICE; LEFT BACK FOOT HAS SCABBING, MISSING TIP OF LEFT EAR, MISSING HAIR ON UPPER FRONT LEGS = WOUNDS"
45,7/14/2019,JEM,7/11/2019,IBSL,ozawindib_1,ozawindib_1,SUNNY,8:35,JEM,JEM,F8,1,,pspp,,,,,,,,,B,,,,,,,,,,,,,0,0,0,,"BODY MASS=LARGE; JANINE IS AN ASSHOLE, MOUSE ESCAPED AT TRUCK FROM TRAP-->BAG; FECAL SAMPLE: PERO 3 FOR ANNIE"
46,7/14/2019,JEM,7/11/2019,IBSL,,,,,JEM,JEM,,,,,,,,,,,,,,,,,,,,,,,,,,,,,,"DISTURBED TRAPS: (RACCOON?) OZAWINDIB DAY 2 A1-4, 7"
47,7/14/2019,JEM,7/12/2019,IBSL,,,,,JEM,JEM,,,,,,,,,,,,,,,,,,,,,,,,,,,,,,"DISTURBED TRAPS: (RACCOONS?) BEAR PAW POINT DAY 1 -A 3-4, Z2, U2, V 4-5, END OF Y, END OF W"
48,7/14/2019,JEM,7/12/2019,IBSL,bear_paw_point_2,bear_paw_point_2,SUN AND CLOUD,6:58,JEM,JEM,Z1,1,N,pspp,,13.5,0,,0,0,0,0,G,73,120,120,R,120,1,0,0,0,1,0,,0,0,0,,"P. LEU?; PELAGE IS KIND OF G, KIND OF P; BODY LENGTH WAS HELD IN HAND OUT OF BAG; VERY CALM MOUSE"
49,7/14/2019,JEM,7/12/2019,IBSL,bear_paw_point_2,bear_paw_point_2,SUNNY,7:11,JEM,JEM,Z8,1,N,pspp,,14,1,0,,,,,P,81,122,122,R,122,1,0,0,0,9,0,,0,0,0,,TAIL TALK; WHITE TAIL TIP; VERY ACTIVE UNDER ISO (WHILE FALLING ASLEEP); CALM MOUSE IN HAND; P. LEU?
50,7/14/2019,JEM,7/12/2019,IBSL,bear_paw_point_2,bear_paw_point_2,SUNNY,7:25,JEM,JEM,U7,1,N,pspp,,,0,,0,1,0,1,B,89,124,124,R,124,0,0,0,0,0,0,124,0,0,0,,"P. LEU?; PREGNANT?; JANINE DIDN'T WEIGH CONTENTS OF BAG BEFORE DUMPING, 45G - 22-25G = 20-22G MOUSE?; 2 ENGORGED NYMPHS ON BACK OF NECK, TAKEN; 1 ENGORGED NYMPH IN BAG, TAKEN"
51,7/14/2019,JEM,7/12/2019,IBSL,bear_paw_point_2,bear_paw_point_2,SUNNY,7:40,JEM,JEM,X2,1,N,pspp,,17.5,1,0,,,,,P,84.5,126,126,R,126,0,0,0,0,2,1,126,0,0,0,,"P. LEU?; 1 ENGORGED NYMPH ON BACK OF NECK, TAKEN TT-126"
52,7/14/2019,JEM,7/12/2019,IBSL,bear_paw_point_1,bear_paw_point_1,SUNNY,8:07,JEM,JEM,D3,1,N,pspp,,21,0,,0,1,1,0,B,87,128,128,R,128,0,0,0,0,1,0,,0,0,0,,LACTATING?; TAIL TALK; GREYISH TOP OF HEAD
53,7/14/2019,JEM,7/12/2019,IBSL,bear_paw_point_1,bear_paw_point_1,SUNNY,6:57,SW,CCA,B4,1,N,pspp,,21.5,1,1,,,,,B,80,121,121,R,121,0,0,0,0,4,1,,0,0,0,,ISO'D TWICE; NOT WELL GROOMED; MUCOUSY FECES
54,7/14/2019,JEM,7/12/2019,IBSL,bear_paw_point_1,bear_paw_point_1,"PARTLY CLOUDY, MOSTLY SUNNY",7:16,SW,CCA,A3,1,N,pspp,,22,1,1,,,,,B,81,123,123,R,123,1,0,0,1,3,2,,0,0,0,,HISSING; ISO'D TWICE; SCRATCH ON UPPER LEFT FRONT LEG = WOUND; UNGROOMED
55,7/14/2019,JEM,7/12/2019,IBSL,bear_paw_point_1,bear_paw_point_1,MOSTLY SUNNY,7:34,SW,CCA,A4,1,N,pspp,,19.5,0,,1,1,0,0,B,92,125,125,R,125,0,0,0,0,5,0,125,0,0,0,,ORANGE; ISO'D TWICE; RIGHT EAR BIOPSY PUNCH
56,7/14/2019,JEM,7/12/2019,IBSL,bear_paw_point_1,bear_paw_point_1,MOSTLY SUNNY,7:54,SW,CCA,D2,1,N,pspp,,15,1,0,,,,,G,69,127,127,R,127,0,0,0,0,1,0,,0,0,0,,ISO'D 07:55-07:59
57,7/14/2019,JEM,6/29/2019,CCESR,MortonBldg Inside,ccesr_perid,SUNNY,7:35,JEM,JEM,"Z1* - GARAGE DOOR *I DON'T THINK THIS WAS A Z TRAP, BELIEVE IT WAS F…",1,N,pspp,018,20,0,,1,1,1,0,B,85,018,018,R,018,0,0,0,1,5,1,018,0,0,0,,NICK ON EAR=WOUND; LARVAE TAKEN TT-018; P LEU?
58,7/14/2019,JEM,6/29/2019,CCESR,Bur Oak Yard N,ccesr_perid,SUNNY,6:29,JEM,JEM,X5*,1,WR,pspp,013,,,,,,,,,,,,,013-2,,,,,,,,0,0,0,,"FECAL FROM TRAP, NO OTHER SAMPLES TAKEN"
59,7/14/2019,JEM,6/29/2019,CCESR,Bur Oak Yard S,ccesr_perid,SUNNY,6:36,SW,SW - JEM,Y4*,1,N,pspp,016,22.5,0,,0,1,0,0,B,89,016,016,R,016,0,0,0,0,0,0,,0,0,0,,HIND TITS; BITER; FECAL FROM MOUSE AND BAG
60,7/14/2019,JEM,6/29/2019,CCESR,B3 Tent Platforms,ccesr_perid,SUNNY,7:35,SW,SW,A3*,1,N,pspp,017,17,1,0,,,,,B,82,017,017,R,017,1,0,0,0,2,1,017,0,0,0,,TAIL TALK; P LEU?
62,7/14/2019,JEM,6/28/2019,CCESR,Bur Oak Yard N,ccesr_perid,"OVERCAST, FOGGY",6:38,JEM,JEM,X6*,1,N,pspp,013,21,1,0,,,,,B,79,013,013,R,013,0,0,0,0,6,1,013,0,0,0,,"P LEU?; 2 NYMPHS - 1 ON EAR, 1 VERY ENGORGED ON BACK OF NECK (TAKEN, TT-013); TESTES DESCENDING"
63,7/14/2019,JEM,6/28/2019,CCESR,Bur Oak Yard E,ccesr_perid,"OVERCAST, FOGGY",7:04,JEM,JEM,W1*,1,N,pspp,014,33,0,,0,1,0,1,B,100,014,014,R,014,1,0,0,4,16,0,,0,0,0,,NICKS ON EARS (4) = WOUNDS; TURNING ORANGE; HIND TITS
64,7/14/2019,JEM,6/28/2019,CCESR,Bur Oak Garage,ccesr_perid,"OVERCAST, FOGGY",6:40,SW,SW,Z2*,1,N,pspp,012,25,0,,0,1,1,0,B,86,012,012,R,012,1,0,0,0,1,0,,0,0,0,,BRUISED VAGINA; ORANGE
65,7/14/2019,JEM,6/28/2019,CCESR,B3 Tent Platforms,ccesr_perid,"OVERCAST, FOGGY",8:04,SW,JEM,A6*,1,N,pspp,015,20,0,,1,1,0,0,P,83,015,015,R,015,0,0,0,0,3,2,,0,0,0,,"P LEU?; JUST STARTING NIPPLES; GREY STRIPE BACK, FACE GREYISH; FECAL FROM BAG; AGONAL GASPS AFTER 2ND ISO - VERY LABORED BREATHING 3-5 MIN, FULLY RECOVERED"
66,7/14/2019,JEM,6/27/2019,CCESR,south_1,south_1,SUNNY,7:29,JEM,JEM,F7,1,WR,pspp,006,,,,,,,,,,,,,006-2,,,,,,,,0,0,0,,F-006-2 = TRAP POO
67,7/14/2019,JEM,6/27/2019,CCESR,south_1,south_1,SUNNY,7:12,JEM,SW,E4,1,N,pspp,009,13,1,0,,,,,P,73,009,009,R,009,1,0,0,0,7,0,009,0,0,0,,"P LEU?; NYMPH ON EAR, TAKEN TT-009; 2 ADDITIONAL TICKS BETWEEN TOES FRONT L PAW"
68,7/14/2019,JEM,6/27/2019,CCESR,south_1,south_1,SUNNY,7:51,SW,SW,D8,1,N,pspp,,19,1,1,,,,,B,79,010,010,R,010,1,0,0,0,5,0,,1,0,0,001,"P LEU?; NO ET GIVEN (010 UNUSED); TURNING ORANGE; FECES FROM BAG; BLOOD B-010, VDB-001 DESTROYED; VDEYE-001; DIED AFTER ISO WHILE EYE BLEEDING, COULD NOT REVIVE"
69,7/14/2019,JEM,6/27/2019,CCESR,south_2,south_2,SUNNY,7:26,SW,SW,U6,1,N,pspp,011,24,0,,0,1,0,0,B,94,011,011,R,011,1,0,0,0,6,0,,0,0,0,,P LEU?; HIND TITS ACTIVE; FECAL FROM BAG
70,7/14/2019,JEM,6/26/2019,CCESR,south_1,south_1,SUNNY,7:05,JEM,NJ,C5,1,N,pspp,007,27,1,0,,,,,B,105,007,007,R,007,0,0,0,1,6,0,,0,0,0,,P LEU?; TESTES DESCENDING; TAIL TALK; ORANGE; MOUSE ESCAPED AFTER SAMPLES COLLECTED BACK TOWARD FIELD SITE; 1 NYMPH ON EAR; NICK ON EAR=WOUND
71,7/14/2019,JEM,6/26/2019,CCESR,south_1,south_1,SUNNY,6:45,JEM,NJ,C4,1,N,pspp,005,27,1,0,,,,,B,105,005,005,R,005,1,0,0,2,7,2,005,0,0,0,,"P LEU?; TESTES DESCENDING; ORANGE; NYMPH ON NECK, TAKEN TT-005; 2 WOUNDS ON EAR"
72,7/14/2019,JEM,6/26/2019,CCESR,south_1,south_1,SUNNY,7:06,SW,LL,D7,1,N,pspp,008,31.5,1,1,,,,,B,98,008,008,R,008,0,0,0,0,4,0,008,0,0,0,,ISO-RESISTANT; P LEU?
73,7/14/2019,JEM,6/26/2019,CCESR,south_1,south_1,SUNNY,6:45,LL,SW,C6,1,N,pspp,006,23.5,0,,1,1,0,0,B,76.2,006,006,R,006,0,0,0,0,10,0,006,0,0,0,,BIOPSY PUNCH L EAR; BAG WEIGHT=65G; P LEU?
74,7/14/2019,JEM,6/25/2019,CCESR,north_1,north_1,SUNNY,7:30,SW,LL,D7,1,N,pspp,004,24,1,0,,,,,B,81,004,004,R,004,1,0,0,0,3,1,004,0,0,0,,"**UPDATED GRID 7.22.19, WAS N1; P LEU?; LEFT BACK FOOT, NO NAIL; TESTES DESCENDING"
75,7/14/2019,JEM,6/25/2019,CCESR,north_1,north_1,SUNNY,7:29,JEM,C POTTER,D6,1,WR,pspp,003,,1,0,,,,,,,,,,,1,,,,,,,0,0,0,,"**UPDATED GRID 7.22.19, WAS N2; TESTES DESCENDED MORE ISH THAN YESTERDAY?; SAW FLEAS IN BAG, NO OTHER SAMPLES/DATA"
76,7/14/2019,JEM,6/24/2019,CCESR,north_1,north_1,"OVERCAST, BREEZY, COOL",8:00,SW,JEM,E4,1,N,pspp,003,20,1,0,,,,,B,72,003,003,R,003,0,0,0,0,7,1,003,0,0,0,,"**UPDATED GRID 7.22.19 FROM N1; P LEU?; NYMPH ON NECK, TAKEN TT-003; TESTES DESCENDING; ISO'D TWICE"
77,7/14/2019,JEM,6/24/2019,CCESR,north_2,north_2,"OVERCAST, COOL",7:32,JEM,JEM,W7,1,N,pspp,002,21,1,0,,,,,B,86,002,002,R,002,0,0,0,1,4,0,,0,0,0,,"**UPDATED GRID 7.22.19 TRAP WAS N1, Z3; P LEU?; TESTES DESCENDING; RED WOUND ON TESTES"
78,7/14/2019,JEM,6/24/2019,CCESR,north_2,north_2,"OVERCAST, MILD",7:32,LL,SW,Y4,1,N,pspp,001,26,0,,1,0,0,1,B,84,001,001,R,001,0,0,0,0,1,0,001,0,0,0,,"**UPDATED GRID, TRAP 7.22.19 WAS N1 B4; STOPPED BREATHING, HAD TO TO CHEST COMPRESSIONS TO REVIVE; TRAP POO, DIDN'T GET FECAL FROM MOUSE; P LEU?"
79,7/14/2019,JEM,6/25/2019,CCESR,north_2,north_2,,,JEM,SW,Z9,1,N,Myodes_spp,,,,,,,,,,,,,,,,,,,,,,0,0,0,," **UPDATE 7.22.19 TRAP WAS north_1, A9 - UPDATED WITH CHANGE OF GRID LABELING IN JULY 2019; MALE"
80,7/14/2019,JEM,6/28/2019,CCESR,Bur Oak Yard E,ccesr_perid,,,JEM,SW,W5*,1,N,Myodes_spp,,,,,,,,,,,,,,,,,,,,,,0,0,0,,NEAR COMPOST PILE
81,7/14/2019,JEM,7/10/2019,IBSL,ozawindib_1,ozawindib_1,,,JEM,JEM,A7,1,N,Myodes_spp,,,,,,,,,,,,,,,,,,,,,,0,0,0,,
82,7/14/2019,JEM,7/10/2019,IBSL,ozawindib_1,ozawindib_1,,,JEM,JEM,A5,1,N,Myodes_spp,,,,,,,,,,,,,,,,,,,,,,0,0,0,,
83,7/14/2019,JEM,7/10/2019,IBSL,ozawindib_1,ozawindib_1,,,JEM,JEM,A8,1,N,Myodes_spp,,,,,,,,,,,,,,,,,,,,,,0,0,0,,
84,7/14/2019,JEM,7/10/2019,IBSL,ozawindib_1,ozawindib_1,,,JEM,JEM,B1,1,N,Myodes_spp,,,,,,,,,,,,,,,,,,,,,,0,0,0,,
85,7/14/2019,JEM,7/10/2019,IBSL,ozawindib_1,ozawindib_1,,,JEM,JEM,E2,1,N,Myodes_spp,,,,,,,,,,,,,,,,,,,,,,0,0,0,,
86,7/14/2019,JEM,7/10/2019,IBSL,ozawindib_2,ozawindib_2,,,JEM,JEM,U2,1,N,Myodes_spp,,,,,,,,,,,,,,,,,,,,,,0,0,0,,
87,7/14/2019,JEM,7/10/2019,IBSL,ozawindib_2,ozawindib_2,,,JEM,JEM,U4,1,N,Myodes_spp,,,,,,,,,,,,,,,,,,,,,,0,0,0,,
88,7/14/2019,JEM,7/10/2019,IBSL,ozawindib_2,ozawindib_2,,,JEM,JEM,U5,1,N,Myodes_spp,,,,,,,,,,,,,,,,,,,,,,0,0,0,,
89,7/14/2019,JEM,7/10/2019,IBSL,ozawindib_2,ozawindib_2,,,JEM,JEM,V2,1,N,Myodes_spp,,,,,,,,,,,,,,,,,,,,,,0,0,0,,
90,7/14/2019,JEM,7/10/2019,IBSL,ozawindib_2,ozawindib_2,,,JEM,JEM,W4,1,N,Bbrev,,,,,,,,,,,,,,,,,,,,,,0,0,0,,
91,7/14/2019,JEM,7/10/2019,IBSL,ozawindib_2,ozawindib_2,,,JEM,JEM,X5,1,N,Myodes_spp,,,,,,,,,,,,,,,,,,,,,,0,0,0,,
92,7/14/2019,JEM,7/10/2019,IBSL,ozawindib_2,ozawindib_2,,,JEM,JEM,Z4,1,N,Myodes_spp,,,,,,,,,,,,,,,,,,,,,,0,0,0,,
93,7/14/2019,JEM,7/10/2019,IBSL,ozawindib_2,ozawindib_2,,,JEM,JEM,Z9,1,N,Myodes_spp,,,,,,,,,,,,,,,,,,,,,,0,0,0,,
94,7/14/2019,JEM,7/10/2019,IBSL,ozawindib_1,ozawindib_1,,,JEM,JEM,F9,1,N,Myodes_spp,,,,,,,,,,,,,,,,,,,,,,1,1,1,,DEAD IN TRAP -FIELD FORM - SAVED FOR BELL
95,7/14/2019,JEM,7/11/2019,IBSL,ozawindib_1,ozawindib_1,,,JEM,CCA,C6,1,N,Myodes_spp,,,,,,,,,,,,,,,,,,,,,,0,0,0,,
96,7/14/2019,JEM,7/11/2019,IBSL,ozawindib_1,ozawindib_1,,,JEM,CCA,F9,1,N,Myodes_spp,,,,,,,,,,,,,,,,,,,,,,0,0,0,,
97,7/14/2019,JEM,7/11/2019,IBSL,ozawindib_1,ozawindib_1,,,JEM,CCA,A4,1,N,Myodes_spp,,,,,,,,,,,,,,,,,,,,,,0,0,0,,
98,7/14/2019,JEM,7/11/2019,IBSL,ozawindib_1,ozawindib_1,,,JEM,CCA,A6,1,N,Myodes_spp,,,,,,,,,,,,,,,,,,,,,,0,0,0,,
99,7/14/2019,JEM,7/11/2019,IBSL,ozawindib_1,ozawindib_1,,,JEM,CCA,C4,1,N,Myodes_spp,,,,,,,,,,,,,,,,,,,,,,0,0,0,,
100,7/14/2019,JEM,7/11/2019,IBSL,ozawindib_1,ozawindib_1,,,JEM,CCA,A7,1,N,Myodes_spp,,,,,,,,,,,,,,,,,,,,,,0,0,0,,
101,7/14/2019,JEM,7/11/2019,IBSL,ozawindib_1,ozawindib_1,,,JEM,CCA,E2,1,N,Tstr,,,,,,,,,,,,,,,,,,,,,,0,0,0,,
102,7/14/2019,JEM,7/11/2019,IBSL,ozawindib_1,ozawindib_1,,,JEM,CCA,F1,1,N,Myodes_spp,,,,,,,,,,,,,,,,,,,,,,0,0,0,,
103,7/14/2019,JEM,7/11/2019,IBSL,ozawindib_2,ozawindib_2,,,JEM,CCA,W8,1,N,Myodes_spp,,,,,,,,,,,,,,,,,,,,,,0,0,0,,
104,7/14/2019,JEM,7/11/2019,IBSL,ozawindib_2,ozawindib_2,,,JEM,CCA,V7,1,N,Myodes_spp,,,,,,,,,,,,,,,,,,,,,,0,0,0,,
106,7/15/2019,JEM,7/15/2019,IBSL,Faculty Cabin 2,ibsl_perid,SUNNY,7:04,JEM,JEM,Y4,1,WR,pspp,,,,,,,,,B,,,,,,,,,,,,,0,0,0,,"UNDER RAMP, CABIN 4"
107,7/15/2019,JEM,7/15/2019,IBSL,,,,,JEM,JEM,,,,,,,,,,,,,,,,,,,,,,,,,,,,,,"DISTURBED TRAP 7.15.2019 LAB 45, 1 TRAP BY FRONT DOOR"
108,7/15/2019,JEM,7/15/2019,IBSL,Faculty Cabin 1,ibsl_perid,SUNNY,7:04,JEM,JEM,Y8,1,WR,pspp,,,,,,,,,P,,,,,,,,,,,,,0,0,0,,CABIN 1 - BY GRILL; SAME MOUSE IN THIS TRAP AS 07.14.2019
109,7/15/2019,JEM,7/15/2019,IBSL,Bldg 62 63,ibsl_perid,SUNNY,7:04,JEM,JEM,W5,1,WR,pspp,,,,,,,,,B,,,,,,,,,,,,,0,0,0,,BLDG 63 - UNDER BUILDING
110,7/15/2019,JEM,7/15/2019,IBSL,Bldg 62 63,ibsl_perid,SUNNY,7:04,JEM,JEM,W6,1,WR,pspp,,,,,,,,,G,,,,,,,,,,,,,0,0,0,,BUILDING 63 - UNDER BUILDING
111,7/15/2019,JEM,7/15/2019,IBSL,Pole Barn Wood Pile,ibsl_perid,SUNNY,7:04,JEM,JEM,Z5,1,WR,pspp,,,,,,,,,B,,,,,,,,,,,,,0,0,0,,ORANGE
112,7/15/2019,JEM,7/15/2019,IBSL,Faculty Cabin 10,ibsl_perid,SUNNY,7:11,JEM,CCA,D2,1,WR,pspp,,,,,,,,,B,,,,,,,,,,,,,0,0,0,,
113,7/15/2019,JEM,7/15/2019,IBSL,Faculty Cabin 12,ibsl_perid,SUNNY,7:11,JEM,CCA,E1,1,WR,pspp,,,,,,,,,B,,,,,,,,,,,,,0,0,0,,
114,7/15/2019,JEM,7/15/2019,IBSL,Dining Hall,ibsl_perid,SUNNY,7:11,JEM,CCA,F2,1,WR,pspp,,,,,,,,,B,,,,,,,,,,,,,0,0,0,,LOCATION: WOODS AROUND DINING HALL
115,7/15/2019,JEM,7/15/2019,IBSL,Dining Hall,ibsl_perid,SUNNY,7:11,JEM,CCA,F1,1,WR,pspp,,,,,,,,,B,,,,,,,,,,,,,0,0,0,,TURNING ORANGE; LOCATION: WOODS AROUND DINING HALL
116,7/15/2019,JEM,7/15/2019,IBSL,Lab 49,ibsl_perid,SUNNY,7:16,JEM,CCA,B4,1,WR,pspp,,,,,,,,,B,,,,,,,,,,,,,0,0,0,,LOCATION: BEHIND LAB 49
117,7/15/2019,JEM,7/15/2019,IBSL,Faculty Cabin 13,ibsl_perid,SUNNY,7:46,SW,CCA,E5,1,N,pspp,,24,1,0,,,,,B,90,153,153,R,153,1,0,0,4,5,0,153,0,0,0,,"P LEU?; LOCATION: WOOD TRASH BIN; WOUNDS: HAIR MISSING LEFT ABDOMINAL AREA, PIECE R EAR MISSING, SCABBING RIGHT HIND FOOT, SWELLING RIGHT NOSE; TICKS TAKEN CRAWLED OFF; FECES FROM BAG; TESTES DESCENDING; ISO'D TWICE; ISO'D 7:49-7:52"
118,7/15/2019,JEM,7/15/2019,IBSL,Faculty Cabin 13,ibsl_perid,SUNNY,8:09,SW,CCA,E6,1,N,pspp,,18,0,,0,0,0,1,P,75,155,155,R,155,1,0,0,0,2,0,,1,0,0,003,"PREGNANT?; LOCATION: OUTBUILDING BY CABIN 13; ISO'D 8:12-8:16; STARTING NIPPLES; TAIL TALK; EXCESSIVE BLEEDING FROM EYE, AFTER CLOTTED RESPIRATORY AND HEART RATE DECREASED, COULD NOT REVIVE; VDEYE 003, VDB-003 WAS DESTROYED, BLOOD IS B-155 ON CARD; BODY M"
119,7/15/2019,JEM,7/15/2019,IBSL,Dining Hall,ibsl_perid,SUNNY,8:35,SW,CCA,A7,1,N,pspp,,13,0,,1,0,0,0,P,74,157,157,R,157,1,0,0,0,1,0,,0,0,0,,P MAN?; VERY ACTIVE; GROOMED ITSELF; ISO'D 8:40-8:42; FECES FROM BAG
120,7/15/2019,JEM,7/15/2019,IBSL,Dining Hall,ibsl_perid,SUNNY,8:54,SW,CCA,F4,1,WR,pspp,,,,,,,,,P,,,,,,,,,,,,,0,0,0,,LOCATION: WOODS BEHIND DINING HALL; PELAGE: MOSTLY BROWN; SERRATED EAR MOUSE (LEFT) FROM 7.14.19; NO SAMPLES TAKEN
121,7/15/2019,JEM,7/15/2019,IBSL,Faculty Cabin 11,ibsl_perid,MOSTLY SUNNY,9:01,SW,CCA,D7,1,N,pspp,,23,0,,0,1,0,0,B,87,159,159,R,159,0,0,0,2,5,0,,0,0,0,,TURNING ORANGE; ISO'D 9:04-9:07; SCAR ON 3RD DIGIT OF RIGHT FORELIMB AND 2ND-4TH DIGIT OF LEFT FORELIMB; HIND TITS
122,7/15/2019,JEM,7/15/2019,IBSL,Pole Barn Boats,ibsl_perid,PARTLY CLOUDY,9:17,SW,CCA,Z9,1,N,pspp,,20.5,0,,1,1,0,0,B,90,161,161,R,161,0,0,0,2,1,1,,0,0,0,,P LEU?; TURNING ORANGE; ISO'D 9:19-9:22; RIBCAGE VISIBLE; 4TH DIGIT ON RIGHT FORELIMB IS CUT (WOUND); FUR MISSING ON SNOUT (WOUND)
123,7/15/2019,JEM,7/14/2019,IBSL,Dining Hall,ibsl_perid,SUNNY,10:26,SW,CCA,F2,1,N,pspp,,13,0,,0,0,0,0,B,79,151,151,R,151,1,0,0,1,1,0,,0,0,0,,LOCATION: WOODS BEHIND DINING HALL; ISO'D 10:26-10:31; SCABBING ON OUTER LEFT EAR; BIOPSY PUNCH LOOKS SERRATED
124,7/15/2019,JEM,7/14/2019,IBSL,Dining Hall,ibsl_perid,SUNNY,9:59,SW,CCA,F1,1,N,pspp,,20,1,1,,,,,B,80,149,149,R,149,0,0,0,0,3,0,149,0,0,0,,LOCATION: WOODS BEHIND DINING HALL; ISO'D 10:01-10:05; ISO'D TWICE; ESCAPED AND RECAPTURED AT TRUCK
125,7/15/2019,JEM,7/14/2019,IBSL,Dining Hall,ibsl_perid,SUNNY,9:39,SW,CCA,A7,1,N,pspp,,18.5,1,0,,,,,B,87,147,147,R,147,1,0,0,2,2,0,147,0,0,0,,P MAN?; ISO'D 9:41-9:46; TICK TAKEN WAS CRAWLING IN BAG; EXCESSIVE EYE BLEEDING; SEVERAL LOCATIONS ON FACE MISSING HAIR; FECES FROM BAG
126,7/15/2019,JEM,7/14/2019,IBSL,Dining Hall,ibsl_perid,SUNNY,9:19,SW,CCA,A5,1,N,pspp,,21,1,0,,,,,B,92,145,145,R,145,1,0,0,1,5,0,,0,0,0,,ISO'D 9:22-9:27; TESTES DESCENDING; HOLE IN R EAR (WOUND)
127,7/15/2019,JEM,7/14/2019,IBSL,Faculty Cabin 10,ibsl_perid,SUNNY,8:58,SW,CCA,D3,1,N,pspp,,20.5,0,,0,1,0,0,B,84,143,143,R,143,1,0,0,0,3,0,,0,0,0,,P MAN?; ISO'D 9:00-9:04?; GROOMED ITSELF; HIND TITS; FECES FROM BAG
128,7/15/2019,JEM,7/14/2019,IBSL,Bldg 64,ibsl_perid,SUNNY,8:37,SW,CCA,U4,1,N,pspp,,27,1,0,,,,,B,96,141,141,R,141,1,0,0,2,2,1,141,0,0,0,,LOCATION: WOODS BEHIND BLDG 64; KIND OF ORANGE COLORATION; WOUND ON TAIL TIP; ISO'D 8:41-8:45; GROOMED ITSELF; BLEEDING FROM BIOPSY PUNCH; TICK TAKEN WAS CRAWING AROUND
129,7/15/2019,JEM,7/14/2019,IBSL,Faculty Cabin 13,ibsl_perid,SUNNY,7:54,SW,CCA,E7,1,N,pspp,,22,1,0,,,,,B,84,137,137,R,137,0,0,0,2,4,1,,0,0,0,,P MAN?; GROOMED ITSELF; HAIR MISSING AND SOME SWELLING NEAR L SNOUT; LOCATION: NEAR OLD OUTBUILDING BY CABIN 13; SCAB ON BOTTOM OF HINDFOOD; FECES FROM BAG
130,7/15/2019,JEM,7/13/2019,IBSL,bear_paw_point_2,bear_paw_point_2,MOSTLY SUNNY,7:19,SW,CCA,W1,1,N,pspp,,19.5,0,,1,0,0,0,P,72,129,129,R,129,1,0,0,0,1,0,,0,0,0,,ISO'D 7:21-7:23; GROOMED ITSELF; FECES FROM BAG
131,7/15/2019,JEM,7/13/2019,IBSL,bear_paw_point_2,bear_paw_point_2,SUNNY,7:33,SW,CCA,V5,1,N,pspp,,24.5,1,0,,,,,B,91,131,131,R,131,1,0,0,2,4,1,,0,0,0,,ACTIVE; ISO'D 7:35-7:38 & 7:44-7:45; ORANGE; PROTRUDING ANUS; SWOLLEN LEFT FORELIMB; MISSING HAIR BY R WHISKERS
132,7/15/2019,JEM,7/13/2019,IBSL,bear_paw_point_1,bear_paw_point_1,MOSTLY SUNNY,7:54,SW,CCA,D2,1,N,pspp,,29,0,,0,1,0,1,B,91,133,133,R,133,1,0,0,0,3,0,0,0,0,0,,"ORANGE; ISO'D 7:57-8:01; SPIDER(WO)MAN MOUSE; TAIL TALK; HIND TITS (JEM ADDED NIPPLES BECAUSE OF THIS, WAS RECORDED AS ""I, PRE""); RUNNY FECES"
133,7/15/2019,JEM,7/13/2019,IBSL,bear_paw_point_1,bear_paw_point_1,SUN AND CLOUD,6:45,JEM,JEM,D4,1,WR,pspp,,,,,,,,,B,,,,,,,,,,,,,0,0,0,,
134,7/15/2019,JEM,7/13/2019,IBSL,bear_paw_point_1,bear_paw_point_1,,,JEM,JEM,,,,,,,,,,,,,,,,,,,,,,,,,,,,,,"JULY 13 - DISTURBED TRAPS E3, B3, B4 TOSSED BY RACCOON"
135,7/15/2019,JEM,7/13/2019,IBSL,bear_paw_point_2,bear_paw_point_2,,,JEM,JEM,,,,,,,,,,,,,,,,,,,,,,,,,,,,,,"JULY 13 - DISTURBED TRAPS: W6, V3, V4 TOSSED BY RACCOONS"
136,7/15/2019,JEM,7/13/2019,IBSL,bear_paw_point_1,bear_paw_point_1,SUN AND CLOUD,6:45,JEM,JEM,E6,1,WR,pspp,,,,,,,,,B,,,,,,,,,,,,,0,0,0,,
137,7/15/2019,JEM,7/13/2019,IBSL,bear_paw_point_2,bear_paw_point_2,SUN AND CLOUD,6:45,JEM,JEM,U2,1,WR,pspp,,,,,,,,,B,,,,,,,,,,,,,0,0,0,,
138,7/15/2019,JEM,7/13/2019,IBSL,bear_paw_point_2,bear_paw_point_2,SUN,6:52,JEM,CCA,X5,1,WR,pspp,,,,,,,,,,,,,,,,,,,,,,0,0,0,,
139,7/15/2019,JEM,7/13/2019,IBSL,bear_paw_point_2,bear_paw_point_2,SUN,6:53,JEM,CCA,V8,1,WR,pspp,,,,,,,,,,,,,,,,,,,,,,0,0,0,,
140,7/15/2019,JEM,7/13/2019,IBSL,bear_paw_point_2,bear_paw_point_2,SUN,6:54,JEM,CCA,Z3,1,WR,pspp,,,,,,,,,,,,,,,,,,,,,,0,0,0,,
141,7/15/2019,JEM,7/13/2019,IBSL,bear_paw_point_1,bear_paw_point_1,SUN,7:18,JEM,JEM,F8,1,WR,pspp,,,,,,,,,P,,,,,,,,,,,,,0,0,0,,PELAGE: P/B; PERO 5 FECAL FOR ANNIE
142,7/15/2019,JEM,7/13/2019,IBSL,bear_paw_point_2,bear_paw_point_2,SUN,7:26,JEM,JEM,V7,1,N,pspp,,16.5,1,1,,,,,B,82,130,130,R,130,0,0,0,0,2,0,,0,0,0,,P MAN?;
143,7/15/2019,JEM,7/13/2019,IBSL,bear_paw_point_2,bear_paw_point_2,SUN,7:37,JEM,JEM,V2,1,N,pspp,,14,1,0,,,,,P,77,132,132,R,132,0,0,0,0,0,0,,0,0,0,,CLEAN MOUSE
144,7/15/2019,JEM,7/13/2019,IBSL,bear_paw_point_1,bear_paw_point_1,SUNNY,7:50,JEM,JEM,B6,1,WR,pspp,,24.5,0,,0,1,0,0,B,,,,,,,,,,,,,0,0,0,,TURNING ORANGE; PERO 6 FECAL FOR ANNIE
145,7/15/2019,JEM,7/13/2019,IBSL,bear_paw_point_1,bear_paw_point_1,SUNNY,8:00,JEM,JEM,A1,1,N,pspp,,13,1,0,,,,,P,73,134,134,R,134,0,0,0,0,0,0,,0,0,0,,P LEU?; BLEEDER; ISO'D TWICE
146,7/15/2019,JEM,7/14/2019,IBSL,Faculty Cabin 4,ibsl_perid,SUNNY,7:32,JEM,JEM,X2,1,N,pspp,,,1,0,,,,,B,91,136,136,R,136,0,0,0,0,1,0,,0,0,0,,"CABIN 4 -UNDER FIREPIT; OD'D ON ISO, REVIVED - WENT DOWN VERY QUICKLY; ONLY 1 TUBE OF BLOOD; FECAL FROM BAG; INITIAL BAG/BALL MASS 52G FORGOT TO WEIGH OATS BEFORE DUMPING - GUESTIMATED AT 36G SO 16-18G MOUSE"
147,7/15/2019,JEM,7/14/2019,IBSL,Faculty Cabin 3,ibsl_perid,SUNNY,7:56,JEM,JEM,X6,1,N,pspp,,27,0,,0,1,0,1,B,92,138,138,R,138,1,0,0,1,2,0,,0,0,0,,CABIN 3 - BACK OF CABIN BY AC UNIT; HIND TITS; PREGNANT?; V PLUG; BAG POO; WOUND=FUR MISSING ON NOSE; 2 NYMPHS
148,7/15/2019,JEM,7/14/2019,IBSL,Faculty Cabin 2,ibsl_perid,SUNNY,8:07,JEM,JEM,Y4,1,N,pspp,,20.5,1,1,,,,,B,85,140,140,R,140,0,0,0,0,2,0,,0,0,0,,VERY DESCENDED TESTES - FIRST I'VE ACTUALLY SEEN T; BAG POO
149,7/15/2019,JEM,7/14/2019,IBSL,Faculty Cabin 1,ibsl_perid,SUNNY,8:22,JEM,JEM,Y8,1,N,pspp,,18,0,,1,1,0,0,P,80,142,142,R,142,1,0,0,0,1,0,,0,0,0,,"P LEU; FACULTY CABIN 1 AT GRILL; WEIRDLY BICOLORED - ORANGE ON SIDES, GREY ON TOP, CALLED P; STARTING NIPPLES; SLOW BREATHING AFTER ISO, TOOK A WHILE TO BOUNCE BACK; BAG POO; LENGTH IS SHORT"
150,7/15/2019,JEM,7/14/2019,IBSL,Pole Barn Trash Pile,ibsl_perid,,,JEM,JEM,,,,,,,,,,,,,,,,,,,,,,,,,,,,,,TRAP Z1 MOVED BY RACCOON?
151,7/15/2019,JEM,7/14/2019,IBSL,Pole Barn Wood Pile,ibsl_perid,,,JEM,JEM,,,,,,,,,,,,,,,,,,,,,,,,,,,,,,"TRAPS Z4, 5 MOVED BY RACCOON?"
152,7/15/2019,JEM,7/14/2019,IBSL,Bldg 62 63,ibsl_perid,SUNNY,8:38,JEM,JEM,W1,1,N,pspp,,9,0,,0,0,0,0,G,66,144,144,R,144,0,0,0,1,1,0,,0,0,0,,BUILDING 62; WOUND=KINKED TAIL TIP; 1 TUBE BLOOD; BAG POO; VOCAL
153,7/15/2019,JEM,7/14/2019,IBSL,Bldg 62 63,ibsl_perid,SUNNY,8:53,JEM,JEM,W5,1,N,pspp,,9,0,,0,0,0,0,G,69,146,146,R,146,0,0,0,0,0,0,,0,0,0,,BLDG 63 - UNDER BUILDING IN BACK; 1 TUBE BLOOD; VOCAL; BAG POO
154,7/15/2019,JEM,7/14/2019,IBSL,Bldg 62 63,ibsl_perid,SUNNY,9:03,JEM,JEM,W7,1,N,pspp,,24,0,,0,1,0,1,B,94,148,148,R,148,1,0,0,0,1,0,,0,0,0,,BLDG 63 - SIDE UNDER BUILDING; TAIL TALK; BAG POO; HIND TITS; FECAL FOR ANNIE: FECAL PERO 148
155,7/15/2019,JEM,7/14/2019,IBSL,Pole Barn Trash Pile,ibsl_perid,SUNNY,9:18,JEM,JEM,Z3,1,N,pspp,,16,0,,1,0,0,0,G,77,150,150,R,150,0,0,0,1,3,0,,0,0,0,,TAIL TALK; FRESH POO; ISO'D TWICE; MOBILE MITES; WOUND=FUR MISSING ON NOSE
156,7/15/2019,JEM,7/14/2019,IBSL,Pole Barn Wood Pile,ibsl_perid,SUNNY,9:41,JEM,JEM,Z5,1,N,pspp,,28,1,1,,,,,B,107,152,152,R,152,1,0,0,2,2,0,,0,0,0,,"P LEU?; TURNING ORANGE; LARGE, LONG MOUSE; SMEARED POO AROUND ANUS, TESTES; FRESH AND BAG POO; 1 SCAR ON EAR, MISSING FUR BY R EYE=WOUNDS; BLUE STRIPE LIKE DYE/PAINT DOWN MIDDLE OF STOMACH"
157,7/15/2019,JEM,7/14/2019,IBSL,Pole Barn Boats,ibsl_perid,SUNNY,9:56,JEM,JEM,Z7,1,N,pspp,,34,0,,1,1,0,0,B,111,154,"B-154, VDB-002",R,154,0,0,0,0,0,1,154,1,0,0,002,"VERY ORANGE; HIND TITS; BRUISED VAGINA; ENGORGED NYMPH CRAWLING=TAKEN, ASSUMED BACK OF NECK; DIED IN BAG, ISO OV'D AND COULD NOT REVIVE; VDEYE-002 AND VDB-002 ALSO B-154 ON CARD; SAVED FOR BELL"
158,7/15/2019,JEM,7/14/2019,IBSL,Pole Barn Boats,ibsl_perid,SUNNY,10:28,JEM,JEM,Z8,1,N,pspp,,13,1,0,,,,,G,69.5,156,156,R,156,1,0,0,1,1,0,,0,0,0,,WOUND=INFLAMMED TICK BITE ON EAR; BAG POO
159,7/15/2019,JEM,7/14/2019,IBSL,Pole Barn Boats,ibsl_perid,SUNNY,10:37,JEM,JEM,Z9,1,N,pspp,,15,1,1,,,,,B,84,158,158,R,158,0,0,0,0,6,0,,0,0,0,,"TESTES DESCENDING; BAG POO; 1 NYMPH ON EAR, REST LAVAE"
160,7/15/2019,JEM,7/15/2019,IBSL,Faculty Cabin 3,ibsl_perid,SUNNY,7:51,JEM,JESSICA GUTIERREZ (JG),X6,1,N,pspp,,17,1,0,,,,,B,84,160,160,R,160,0,0,0,0,11,0,,0,0,0,,CABIN 3 - AROUND BACK BY AC UNIT; P LEU?; TAIL TALK; TESTES DESCENDING; FECAL FROM MOUSE AND BAG
161,7/15/2019,JEM,7/15/2019,IBSL,Bldg 62 63,ibsl_perid,SUNNY,8:06,JEM,JG,W2,1,N,pspp,,17.5,0,,0,0,0,0,G,82,162,162,R,162,1,0,0,0,1,0,,0,0,0,,"BUILDING 62; PLEU?; JUST STARTING NIPPLES; JUST STARTING P, SMALL BROWN PATCH ON CHEEK; FECAL FROM MOUSE AND BAG"
162,7/15/2019,JEM,7/15/2019,IBSL,Pole Barn Trash Pile,ibsl_perid,SUNNY,8:30,JEM,JG,Z3,1,N,pspp,,18.5,1,0,,,,,B,86,164,164,R,164,0,0,0,0,6,0,,0,0,0,,P LEU?; TURNING ORANGE; TESTES DESCENDING; FECAL FROM BAG
163,7/15/2019,JEM,7/15/2019,IBSL,Pole Barn Boats,ibsl_perid,SUNNY,8:46,JEM,JG,Z8,1,N,pspp,,14,0,,1,0,0,0,G,79,166,166,R,166,1,0,0,0,2,0,,0,0,0,,P LEU?; FEACL FROM BAG AND MOUSE
164,7/15/2019,JEM,7/15/2019,IBSL,Bldg 62 63,ibsl_perid,SUNNY,8:57,JEM,JG,W1,2,N,pspp,,9.5,1,0,,,,,G,64,168,168,R,168,1,0,0,0,0,0,,0,0,0,,BUILDING 62; 1 TUBE OF BLOOD; MOBILE MITES
165,7/15/2019,JEM,7/15/2019,IBSL,Bldg 62 63,ibsl_perid,SUNNY,8:57,JEM,JG,W1,2,WR,pspp,,,0,,,,,,G,,,,,,,,,,,,,0,0,0,,BLDG 62; KINKED TAIL TIP MOUSE FROM 07.14.19; NO SAMPLES TAKEN
166,7/15/2019,JEM,7/15/2019,IBSL,Faculty Cabin 13,ibsl_perid,SUNNY,9:14,JEM,JG - JEM,E8,2,N,pspp,,5,0,,0,0,0,0,G,53,170,170,R,170,1,0,0,0,0,0,,0,0,0,,"CABIN 13 - BY AC UNIT; FECAL FROM MOUSE; 1 TUBE BLOOD; MOBILE MITES; GIVEN SUGAR WATER, WAS MORE LIVELY THAN TRAPMATE BUT VERY TINY"
167,7/15/2019,JEM,7/15/2019,IBSL,Faculty Cabin 13,ibsl_perid,SUNNY,9:33,JEM,JEM,E8,2,N,pspp,,5.5,1,0,,,,,G,,,,,,0,0,0,0,0,0,,0,0,0,,"NO BLOOD TAKEN; F/DNA 163 DESTROYED; MOUSE WEAK, NOT ACTIVE, HUNCHED WITH EYES CLOSED - GIVEN SUGAR WATER, PERKED UP BUT NO ISO AND NO SAMPLES COLLECTED - CAUGHT UNDER PLATE?"
168,7/15/2019,JEM,7/14/2019,IBSL,Faculty Cabin 13,ibsl_perid,SUNNY,8:10,SW,CCA,E8,1,N,pspp,,22,1,0,,,,,B,83,139,139,R,139,1,0,0,2,9,1,139,0,0,0,,"P MAN?; ISO'D 8:13-8:17; ORANGE; FLUFFY FUR; TESTES DESCENDING; SCAB ON BACK LEFT EAR, MISSING CHUNK=WOUNDS; FECES FROM BAG"
169,7/15/2019,JEM,7/14/2019,IBSL,Faculty Cabin 13,ibsl_perid,SUNNY,7:32,SW,CCA,E5,1,N,pspp,,23,1,1,,,,,B,87,135,135,R,135,1,0,0,3,7,1,,0,0,0,,TRASH BIN BETWEEN CABIN 12 AND 13; TAIL TALK; MISSING SKIN ON LOWER PART OF TAIL=WOUND; ORANGE; ISO'D 7:36-7:39; ISO'D TWICE; SCABBING ON BOTTOM OF BOTH HIND FEET=WOUND; FECES FROM BAG
171,7/22/2019,JEM,7/16/2019,IBSL,IBSL Maintenance,isp_maintenance,"LIGHT CLOUDS, CLOUD COVER BUT SUNNY",7:31,SW,CCA,E5,1,N,pspp,,21,1,1,,,,,B,89,165,B165 VDB004,R,165,0,0,0,0,19,1,165,1,0,0,004,"P MAN?; LOCATION: SPLIT WOOD PILE; TURNING ORANGE; ISO'D 7:34-7:37; TESTES DESCENDING; FECES FROM BAG; STOPPED BREATHING IN BAG, COULD NOT REVIVE; QUIET ALERT RESPONSIVE IN BAG INITIALLY; BREATHING STILL NORMAL BEFORE STOPPED; VDB AND EYE 004; SAVED FOR B"
172,7/22/2019,JEM,7/16/2019,IBSL,IBSL Maintenance,isp_maintenance,LIGHT CLOUDS,7:54,SW,CCA,F4,1,N,pspp,,26.5,0,,0,1,0,0,B,98,167,167,R,167,1,0,0,1,7,1,167,0,0,0,,"LOCATION: WESTERN WOOD PILE; ISO'D 7:57-7:58; GROOMED ITSELF; INITIAL EFFECTS ISO AT 7:57; HIND TITS; BRUISED VAGINA; SCAB ON HIND LEFT METATARSAL JOINT; TICK TAKEN CRAWLED OFF; JUMPED OUT OF TRAP, ESCAPED AFTER PROCESSING"
173,7/22/2019,JEM,7/16/2019,IBSL,IBSL Maintenance,isp_maintenance,LIGHT CLOUDS,8:12,SW,CCA,A3,1,N,pspp,,22,0,,1,1,0,0,P,82,171,171,R,171,1,0,0,0,4,0,,0,0,0,,LOCATION: EASTERN WOOD PILE; ISO'D 8:13-8:15; TURNING ORANGE; STARTING NIPPLES
174,7/22/2019,JEM,7/16/2019,IBSL,IBSL Maintenance,isp_maintenance,FULL SKY HIGH CLOUDS BUT SUNNY,7:31,JEM,JEM,A7,1,N,pspp,,23,1,0,,,,,B,93,169,169,R,169,0,0,0,0,4,0,169,0,0,0,,"3 NYMPHS, 1 TAKEN TT-169; LOCATION: EASTERN WOOD PILE; ISO'D TWICE FOR EAR PUNCH (SARAH'S MOUSE DIED MID-PROCESSING); TESTES DESCENDING; FECAL FROM BAG; P MAN?"
175,7/22/2019,JEM,7/16/2019,IBSL,IBSL Maintenance,isp_maintenance,"FULL SKY HIGH CLOUD, BUT SUN",7:59,JEM,JEM,E4,1,N,pspp,,23,1,0,,,,,B,88,172,172,R,172,1,0,0,0,4,0,,0,0,0,,"P LEU?; TESTES DESCENDING; TURNING ORANGE; FECAL FROM MOUSE MOSTLY BAG POO, THOUGH; LOCATION: SPLIT WOOD PILE"
176,7/22/2019,JEM,7/16/2019,IBSL,IBSL Maintenance,isp_maintenance,FULL CLOUD WITH SUN,8:14,JEM,JEM,E6,1,N,pspp,,25,0,,0,1,1,0,B,86,173,173,R,173,1,0,0,0,1,1,173,0,0,0,,"P LEU?; LOCATION: YELLOW RAFTS (?) NEAR CUT WOOD PILE; TAIL TALK; HIND TITS; V PLUG; ISO X2; VERY ISO-SENSITIVE; 2ND ISO <20 SEC BUT VERY SLOW TO RECOVER; FECAL FROM MOUSE AND BAG; 1 ENGORGED NYMPH ON EAR, TAKEN TT-173"
177,7/22/2019,JEM,7/17/2019,IBSL,IBSL Maintenance,isp_maintenance,"L RAIN, THUNDER",7:38,JEM,JEM,E4,1,WR,pspp,,,,,,,,,B,,,,,,,,,,,,,0,0,0,,LOCATION: SPLIT WOOD PILE
178,7/22/2019,JEM,7/17/2019,IBSL,IBSL Maintenance,isp_maintenance,"L RAIN, THUNDER",7:38,JEM,JEM,A3,1,WR,pspp,,,,,,,,,P,,,,,,,,,,,,,0,0,0,,LOCATION: EASTERN WOOD PILE
179,7/22/2019,JEM,7/17/2019,IBSL,IBSL Maintenance,isp_maintenance,"HEAVY RAIN, THUNDER",7:49,SW,CCA,A7,1,N,pspp,,19,0,,1,0,0,0,P,81,174,174,R,174,0,0,0,0,3,0,,0,0,0,,"P MAN?; LOCATION: EASTERN WOOD PILE; ISO'D 7:51-7:53, 7:54-7:56; GROOMED ITSELF; ACTIVE; INITIAL ISO EFFECTS 7:52; ISO'D TWICE; FECES FROM BAG"
180,7/22/2019,JEM,6/24/2019,CCESR,north_2,north_2,,,JEM,SW,Z9,1,N,Myodes_spp,,,,,,,,,,,,,,,,,,,,,,0,0,0,,"**UPDATED GRID, TRAP 7.22.19, WAS N1 A9 NOW N2 Z9; FEMALE"
181,7/22/2019,JEM,6/24/2019,CCESR,north_2,north_2,,,JEM,SW,X4,1,N,Microtus_spp,,,,,,,,,,,,,,,,,,,,,,0,0,0,,"**UPDATED GRID, TRAP 7.22.19 - WAS N1 C4 NOW N2 X4; MALE"
182,7/22/2019,JEM,6/27/2019,CCESR,south_1,south_1,,,JEM,SW,C6,1,N,Myodes_spp,,,,,,,,,,,,,,,,,,,,,,0,0,0,,
183,7/22/2019,JEM,6/27/2019,CCESR,south_1,south_1,,,JEM,SW,B8,1,N,Myodes_spp,,,,,,,,,,,,,,,,,,,,,,0,0,0,,
184,7/22/2019,JEM,6/28/2019,CCESR,B3 Shed,ccesr_perid,,,JEM,SW,,1,N,Tstr,,,,,,,,,,,,,,,,,,,,,,0,0,0,,
185,7/22/2019,JEM,7/12/2019,IBSL,bear_paw_point_2,bear_paw_point_2,,,JEM,JEM,Z5,1,N,Myodes_spp,,,,,,,,,,,,,,,,,,,,,,0,0,0,,
186,7/22/2019,JEM,7/12/2019,IBSL,bear_paw_point_2,bear_paw_point_2,,,JEM,JEM,Z9,1,N,Myodes_spp,,,,,,,,,,,,,,,,,,,,,,0,0,0,,
187,7/22/2019,JEM,7/12/2019,IBSL,bear_paw_point_2,bear_paw_point_2,,,JEM,JEM,U5,1,N,Myodes_spp,,,,,,,,,,,,,,,,,,,,,,0,0,0,,
188,7/22/2019,JEM,7/12/2019,IBSL,bear_paw_point_2,bear_paw_point_2,,,JEM,JEM,Z6,1,N,Myodes_spp,,,,,,,,,,,,,,,,,,,,,,0,0,0,,
189,7/22/2019,JEM,7/12/2019,IBSL,bear_paw_point_2,bear_paw_point_2,,,JEM,JEM,Y7,1,N,Tstr,,,,,,,,,,,,,,,,,,,,,,0,0,0,,
190,7/22/2019,JEM,7/12/2019,IBSL,bear_paw_point_1,bear_paw_point_1,,,JEM,JEM,B2,1,N,Myodes_spp,,,,,,,,,,,,,,,,,,,,,,0,0,0,,
191,7/22/2019,JEM,7/12/2019,IBSL,bear_paw_point_2,bear_paw_point_2,,,JEM,JEM,X4,1,N,Myodes_spp,,,,,,,,,,,,,,,,,,,,,,0,0,0,,
192,7/22/2019,JEM,7/12/2019,IBSL,bear_paw_point_2,bear_paw_point_2,,,JEM,JEM,V2,1,N,Myodes_spp,,,,,,,,,,,,,,,,,,,,,,0,0,0,,
193,7/22/2019,JEM,7/12/2019,IBSL,bear_paw_point_1,bear_paw_point_1,,,JEM,JEM,B7,1,N,Myodes_spp,,,,,,,,,,,,,,,,,,,,,,0,0,0,,
194,7/22/2019,JEM,7/12/2019,IBSL,bear_paw_point_2,bear_paw_point_2,,,JEM,JEM,Y2,1,N,Microtus_spp,,,,,,,,,,,,,,,,,,,,,,0,0,0,,
195,7/22/2019,JEM,7/12/2019,IBSL,bear_paw_point_1,bear_paw_point_1,,,JEM,JEM,B8,1,N,Microtus_spp,,,,,,,,,,,,,,,,,,,,,,0,0,0,,
196,7/22/2019,JEM,7/14/2019,IBSL,Faculty Cabin 4,ibsl_perid,,,JEM,SW,X1,1,N,Microtus_spp,,,,,,,,,,,,,,,,,,,,,,0,0,0,,
197,7/22/2019,JEM,7/14/2019,IBSL,Faculty Cabin 4,ibsl_perid,,,JEM,SW,Y1,1,N,Microtus_spp,,,,,,,,,,,,,,,,,,,,,,0,0,0,,RECYCLING BINS
198,7/22/2019,JEM,7/14/2019,IBSL,Faculty Cabin 2,ibsl_perid,,,JEM,SW,Y3,1,N,Zapus,,,,,,,,,,,,,,,,,,,,,,0,0,0,,
199,7/22/2019,JEM,7/14/2019,IBSL,Lab 49,ibsl_perid,,,JEM,SW,C1,1,N,Microtus_spp,,,,,,,,,,,,,,,,,,,,,,0,0,0,,
200,7/22/2019,JEM,7/14/2019,IBSL,Faculty Cabin 10,ibsl_perid,,,JEM,SW,D4,1,N,Microtus_spp,,,,,,,,,,,,,,,,,,,,,,0,0,0,,WOODS BEHIND CABIN 10
201,7/22/2019,JEM,7/14/2019,IBSL,Bldg 62 63,ibsl_perid,,,JEM,SW,W3,1,N,Myodes_spp,,,,,,,,,,,,,,,,,,,,,,0,0,0,,WOODS BEHIND BLDG 62
202,7/22/2019,JEM,7/14/2019,IBSL,Dining Hall,ibsl_perid,,,JEM,SW,F8,1,N,Tstr,,,,,,,,,,,,,,,,,,,,,,0,0,0,,WOODS BEHIND DINING HALL
203,7/22/2019,JEM,7/14/2019,IBSL,Dining Hall,ibsl_perid,,,JEM,SW,F6,1,N,Zapus,,,,,,,,,,,,,,,,,,,,,,0,0,0,,WOODS BEHIND DINING HALL
204,7/22/2019,JEM,7/14/2019,IBSL,Bldg 66,ibsl_perid,,,JEM,SW,V2,1,N,Myodes_spp,,,,,,,,,,,,,,,,,,,,,,0,0,0,,WOODS BEHIND BLDG 66
205,7/22/2019,JEM,7/14/2019,IBSL,Faculty Cabin 2,ibsl_perid,,,JEM,JEM,Y2,1,N,Amphibian,,,,,,,,,,,,,,,,,,,,,,0,0,0,,SIDE STEPS
206,7/22/2019,JEM,7/15/2019,IBSL,Bldg 64,ibsl_perid,,,JEM,SW,U3,1,N,Amphibian,,,,,,,,,,,,,,,,,,,,,,0,0,0,,
207,7/22/2019,JEM,7/15/2019,IBSL,Bldg 62 63,ibsl_perid,,,JEM,JEM,W3,1,N,Myodes_spp,,,,,,,,,,,,,,,,,,,,,,0,0,0,,WOODS BEHIND BUILDING 62
208,7/22/2019,JEM,7/15/2019,IBSL,Bldg 62 63,ibsl_perid,,,JEM,JEM,W4,1,N,Myodes_spp,,,,,,,,,,,,,,,,,,,,,,0,0,0,,WOODS BEHIND BLDG 62
209,7/22/2019,JEM,7/15/2019,IBSL,Pole Barn Trash Pile,ibsl_perid,,,JEM,JEM,Z1,1,N,Myodes_spp,,,,,,,,,,,,,,,,,,,,,,0,0,0,,
210,7/22/2019,JEM,7/15/2019,IBSL,Pole Barn Wood Pile,ibsl_perid,,,JEM,JEM,Z4,1,N,Myodes_spp,,,,,,,,,,,,,,,,,,,,,,0,0,0,,
211,7/22/2019,JEM,7/15/2019,IBSL,Lab 49,ibsl_perid,,,JEM,CCA,C1,1,N,Microtus_spp,,,,,,,,,,,,,,,,,,,,,,0,0,0,,
212,7/22/2019,JEM,7/15/2019,IBSL,Bldg 66,ibsl_perid,,,JEM,CCA,U3,1,N,Myodes_spp,,,,,,,,,,,,,,,,,,,,,,0,0,0,,WOODS BEHIND BLDG 66
213,7/22/2019,JEM,7/15/2019,IBSL,Faculty Cabin 12,ibsl_perid,,,JEM,CCA,E4,1,N,Myodes_spp,,,,,,,,,,,,,,,,,,,,,,0,0,0,,WOODS BY CABIN 12
214,7/22/2019,JEM,7/16/2019,IBSL,IBSL Maintenance,isp_maintenance,,,CCA,JEM,X,1,N,Amphibian,,,,,,,,,,,,,,,,,,,,,,0,0,0,,"TRASH PILE - **TRAP RECORDED ONLY AS X, NO NUMBER"
215,7/22/2019,JEM,7/16/2019,IBSL,IBSL Maintenance,isp_maintenance,,,SW,JEM,F2,1,N,Amphibian,,,,,,,,,,,,,,,,,,,,,,0,0,0,,LOCATION: WESTERN WOODPILE
216,7/22/2019,JEM,7/16/2019,IBSL,IBSL Maintenance,isp_maintenance,,,JEM,JEM,X1,1,N,Tstr,,,,,,,,,,,,,,,,,,,,,,0,0,0,,LOCATION: TRASH PILE UNDER TOOL CHEST
217,7/22/2019,JEM,7/16/2019,IBSL,IBSL Maintenance,isp_maintenance,,,JEM,JEM,D2,1,N,Microtus_spp,,,,,,,,,,,,,,,,,,,,,,0,0,0,,PINE AND ASH WOOD PILE
218,7/22/2019,JEM,7/16/2019,IBSL,IBSL Maintenance,isp_maintenance,,,JEM,JEM,A4,1,N,Microtus_spp,,,,,,,,,,,,,,,,,,,,,,0,0,0,,EASTERN WOOD PILE
219,7/22/2019,JEM,7/16/2019,IBSL,IBSL Maintenance,isp_maintenance,,,JEM,JEM,A6,1,N,Microtus_spp,,,,,,,,,,,,,,,,,,,,,,0,0,0,,EASTERN WOOD PILE
220,7/22/2019,JEM,7/16/2019,IBSL,IBSL Maintenance,isp_maintenance,,,JEM,JEM,A8,1,N,Microtus_spp,,,,,,,,,,,,,,,,,,,,,,0,0,0,,EASTERN WOOD PILE
221,7/22/2019,JEM,7/16/2019,IBSL,IBSL Maintenance,isp_maintenance,,,JEM,JEM,C2,1,N,Microtus_spp,,,,,,,,,,,,,,,,,,,,,,0,0,0,,OUTSIDE BIG BROWN SHED (SARAH'S TRAPS)
222,7/22/2019,JEM,7/16/2019,IBSL,IBSL Maintenance,isp_maintenance,,,JEM,JEM,C3,1,N,Microtus_spp,,,,,,,,,,,,,,,,,,,,,,0,0,0,,OUTSIDE BIG BROWN SHED
223,7/22/2019,JEM,7/16/2019,IBSL,IBSL Maintenance,isp_maintenance,,,JEM,JEM,U1,1,N,Microtus_spp,,,,,,,,,,,,,,,,,,,,,,0,0,0,,ALUMINUM TOPPED ROUND ROOF BLDG
224,7/22/2019,JEM,7/16/2019,IBSL,IBSL Maintenance,isp_maintenance,,,JEM,JEM,Y5,1,N,Microtus_spp,,,,,,,,,,,,,,,,,,,,,,0,0,0,,ROCK AND RASPBERRY PILE
225,7/22/2019,JEM,7/16/2019,IBSL,IBSL Maintenance,isp_maintenance,,,JEM,JEM,Z4,1,N,Microtus_spp,,,,,,,,,,,,,,,,,,,,,,0,0,0,,OUTSIDE MESH SHED
226,7/22/2019,JEM,7/16/2019,IBSL,IBSL Maintenance,isp_maintenance,,,JEM,JEM,Z1,1,N,Microtus_spp,,,,,,,,,,,,,,,,,,,,,,0,0,0,,OUTSIDE MESH SHED
227,7/22/2019,JEM,7/16/2019,IBSL,IBSL Maintenance,isp_maintenance,,,JEM,JEM,Z7,1,N,Microtus_spp,,,,,,,,,,,,,,,,,,,,,,0,0,0,,INSIDE MESH SHED
228,7/22/2019,JEM,7/16/2019,IBSL,IBSL Maintenance,isp_maintenance,,,JEM,JEM,F5,1,N,Microtus_spp,,,,,,,,,,,,,,,,,,,,,,0,0,0,,WESTERN WOOD PILE
229,7/22/2019,JEM,7/22/2019,CCESR,north_1,north_1,SUNNY,7:15,SIW,SIW,B1,1,R,pspp,019,19,1,1,,,,,B,94,019,019,R,019,0,0,0,0,2,0,,0,0,0,,"EAR PUNCH, ET RIPPED OUT (LARGE CHUNK MISSING OF LEFT EAR); ISO'D TWICE; FECES FROM BAG AND MOUSE; P LEU?"
230,7/22/2019,JEM,7/22/2019,CCESR,north_1,north_1,SUNNY,7:39,SIW,LKA,D4,1,N,pspp,020,22,0,,1,1,0,1,B,97,020,020,R,020,1,0,0,0,4,0,,0,0,0,,"P MAN?; ORANGE; ISO 7:43, AGAIN 7:45;  HIND TITS; FECES FROM BAG"
231,7/22/2019,JEM,7/22/2019,CCESR,north_1,north_1,SUNNY,7:59,SIW,LKA,F6,1,N,pspp,021,23,1,0,,,,,B,93,021,021,R,021,1,0,0,0,4,0,,0,0,0,,START ISO 8:01; TESTES DESCENDING; POOP FROM BAG
232,7/22/2019,JEM,7/22/2019,CCESR,north_2,north_2,SUNNY,8:16,SIW,LKA,W2,1,N,pspp,023,23,0,,1,1,0,0,B,90,023,023,R,023,0,0,0,0,0,0,,0,0,0,,"P LEU?; START ISO 8:17, INITIAL EFFECTS 8:18; URINATED; ESCAPED AT TRUCK, RAN TO GRID SIDE OF ROAD BUT LOST, 0.5MI FROM GRID; FECES FROM BAG; ALL SAMPLES COLLECTED, LOST GETTING BACK INTO TRAP"
233,7/22/2019,JEM,7/22/2019,CCESR,north_1,north_1,SUNNY,7:26,JEM,LKA,F1,1,R,pspp,004,25,1,0,,,,,B,88,,024,L,024,1,0,0,2,10,1,,0,0,0,,"NO DNA, RECAP - DNA024 DESTROYED, ET024 NOT USED; FECAL FROM BAG; ORANGE; SLOW TO RECOVER FROM ISO; SCABBED WOUNDS (2) ON CHIN/NECK AND L HIND FOOT"
234,7/22/2019,JEM,7/22/2019,CCESR,north_2,north_2,SUNNY,7:43,JEM,JEM,W7,1,R,pspp,002,21,1,1,,,,,B,89,,025,L,025,1,0,0,0,4,0,,0,0,0,,HOLLOW; FECAL FROM BAG; DNA 025 DESTROYED (RECAP MOUSE) ET 025 NOT USED
235,7/22/2019,JEM,7/22/2019,CCESR,north_2,north_2,SUNNY,8:00,JEM,JEM,Y5,1,N,pspp,022,25.5,1,1,,,,,B,99.5,022,022,R,022,0,0,0,0,5,1,022,0,0,0,,"ORANGE; TESTES MOSTLY DESCENDED; POO FROM MOUSE AND BAG; TOOK TICK TT022, ENGORGED NYMPH FROM BEHIND EAR ON BACK OF NECK, FELL OFF AS PULLED OUT OF BAG"
236,7/22/2019,JEM,7/22/2019,CCESR,north_2,north_2,PARTLY CLOUDY,8:20,JEM,JEM,U7,1,N,pspp,026,22.5,1,0,,,,,B,89,026,026,R,026,0,0,0,0,2,0,,0,0,0,,P LEU?; URINATED; MOUSE POO AND BAG POO
237,7/22/2019,JEM,7/11/2019,IBSL,Faculty Cabin 3,ibsl_perid,SUNNY,8:44,JEM,JEM,,1,N,pspp,,21,0,,0,1,0,0,B,94,118,118,R,118,0,0,0,0,4,0,118,0,0,0,,"LOCATION: INSIDE CABIN 3 - KITCHEN; ""NACHO MOUSE""; V PLUG; HUGE. EARS; FOUGHT ISO, VERY ACTIVE AS FALLING ASLEEP; WET AND GROSS FUR; SKINNY, LONG MOUSE, LONG TAIL; HIND TITS; TOOK TICK IS NYMPH NEAR EYE"
238,7/22/2019,JEM,7/14/2019,IBSL,Faculty Cabin 12,ibsl_perid,,,JEM,JEM,E1,1,N,Thud,,,,,,,,,,,,,,,,,,,,,,0,0,0,,"RED SQUIRREL, UNDER STEPS AT DECK OF CABIN 12, HAD TO TAKE TRAP APART TO GET IT OUT"
239,7/22/2019,JEM,7/15/2019,IBSL,Faculty Cabin 10,ibsl_perid,,,JEM,CCA,D4,1,N,Myodes_spp,,,,,,,,,,,,,,,,,,,,,,0,0,0,,WOODS AROUND CABIN 10?
240,7/24/2019,JEM,7/23/2019,CCESR,north_1,north_1,SUNNY,7:27,SIW,LKA,F4,1,N,pspp,027,21,0,,0,0,0,0,B,86,027,027,R,027,0,0,0,1,3,0,,0,0,0,,TURNING ORANGE; STARTED ISO 0730; NIPPLES FORMING; BLEEDING FROM BIOPSY PUNCH; YELLOW FUR AROUND JAW; FECES FROM BAG; WOUND UNDER LEFT FRONT ARM
241,7/24/2019,JEM,7/23/2019,CCESR,north_2,north_2,SUNNY,7:45,SIW,LKA,Z6,1,N,pspp,028,19,1,1,,,,,B,89,028,028,R,028,1,0,0,2,0,0,,0,0,0,,"STARTED ISO AT 0747, AGAIN AT 0748; GROOMING; ISO'D TWICE; 2 WOUNDS: SCAB ON DIGIT 4 MIDDLE LEFT PAW - SCAB ON DIGIT 2 INSIDE RIGHT PAW; FECAL FROM BAG"
242,7/24/2019,JEM,7/23/2019,CCESR,north_2,north_2,SUNNY,8:05,SIW,LKA,V5,1,WR,pspp,026,,1,1,,,,,,,,,,026-2,,,,,,,,0,0,0,,FECAL FROM BAG
243,7/24/2019,JEM,7/23/2019,CCESR,north_1,north_1,SUNNY,7:29,JEM,JEM,A9,1,WR,pspp,020,,0,,0,1,1,0,,,,,,020-2,,,,,,,,0,0,0,,FECAL FROM BAG
244,7/24/2019,JEM,7/23/2019,CCESR,north_1,north_1,SUNNY,7:40,JEM,JEM,C4,1,WR,pspp,019,,,,,,,,,,,,,,,,,,,,,0,0,0,,NO SAMPLES TAKEN
245,7/24/2019,JEM,7/23/2019,CCESR,north_2,north_2,SUNNY,7:44,JEM,JEM,W7,1,WR,pspp,002,,,,,,,,,,,,,,,,,,,,,0,0,0,,NO SAMPLES TAKEN
246,7/24/2019,JEM,7/23/2019,CCESR,north_1,north_1,SUNNY,7:48,JEM,JEM,B1,1,WR,pspp,021,,,,,,,,,,,,,021-2,,,,,,,,0,0,0,,"FECAL FROM MOUSE, F-021-2"
247,7/24/2019,JEM,7/23/2019,CCESR,north_2,north_2,SUNNY,7:54,JEM,JEM,X1,1,WR,pspp,023,,0,,1,1,1,0,,,,,,023-2,,,,,,,,0,0,0,,"FECAL FROM MOUSE; THIS WAS THE TRUCK ESCAPEE FROM YESTERDAY, SHE OBVIOUSLY MADE IT BACK TO THE GRID"
248,7/24/2019,JEM,7/23/2019,CCESR,north_2,north_2,SUNNY,8:03,JEM,JEM,Y5,1,WR,pspp,022,,,,,,,,,,,,,022-2,,,,,,,,0,0,0,,ORANGE; FECAL FROM MOUSE F-022-2
249,7/24/2019,JEM,7/24/2019,CCESR,south_1,south_1,SUNNY,7:06,JEM,LKA,A9,1,R,pspp,005,28.5,1,0,,,,,B,104,,029,R,029,0,0,0,2,7,0,,0,0,0,,"DNA-029 DESTROYED, RECAP MOUSE; ORANGE; TESTES DESCENDING; 2 WOUNDS: R OUTSIDE EDGE EAR TATTERED - SCAB BACK OF LEFT EAR AROUND ET; FECAL FROM MOUSE AND BAG; ISO'D TWICE; ET-029 NOT USED"
250,7/24/2019,JEM,7/24/2019,CCESR,south_1,south_1,SUNNY,7:22,JEM,LKA,B2,1,R,pspp,030,28,0,,1,1,1,0,B,92,030,030,R,030,1,1,0,0,6,0,,0,0,0,,"RECAPTURE MOUSE, BIOPSY PUNCH BUT ET MISSING, GIVEN NEW ET AND NEW DNA #S; EAR TAG RIPPED OUT (NOT COUNTED AS WOUND, SAME WITH OLD PUNCH); HIND TITS; VERY ROUND, MOST LIKELY PREGNANT; TURNING ORANGE; ISO'D TWICE; FECES FROM MOUSE; BOT FLY ON BACK - RIGHT "
251,7/24/2019,JEM,7/24/2019,CCESR,south_1,south_1,SUNNY,7:37,JEM,LKA,C7,1,N,pspp,031,23.5,1,0,,,,,B,94,031,031,R,031,0,0,0,0,5,1,,0,0,0,,P LEU?; TESTES DESCENDING; FECAL FROM BAG AND SOME FROM MOUSE
252,7/24/2019,JEM,7/24/2019,CCESR,south_1,south_1,SUNNY,7:50,JEM,LKA,E8,1,N,pspp,032,22.5,0,,1,1,0,0,B,88,032,032,R,032,0,0,0,0,4,0,,0,0,0,,HIND TITS; 1 NYMPH ON EAR; FECES FROM BAG
253,7/24/2019,JEM,7/24/2019,CCESR,south_1,south_1,SUNNY,8:02,JEM,LKA,D7,1,N,pspp,033,12,1,0,,,,,G,76,033,033,R,033,0,0,0,0,4,0,,0,0,0,,FECES FROM MOUSE AND BAG
254,7/24/2019,JEM,7/24/2019,CCESR,south_1,south_1,SUNNY,8:15,JEM,LKA,D1,1,N,pspp,034,20,1,0,,,,,B,88.5,034,034,R,034,1,0,0,3,3,0,,0,0,0,,WOUNDS: SCAB UNDERSIDE OF TAIL - RED SPOT ON SCROTUM - SCAB UNDERSIDE LEFT FRONT LIMB (ABOVE WRIST); FECES FROM BAG; 1 NYMPH ON EAR
255,7/24/2019,JEM,7/24/2019,CCESR,south_1,south_1,SUNNY,8:28,JEM,LKA,A4,1,N,pspp,035,21.5,1,0,,,,,B,88,035,035,R,035,0,0,0,1,8,7,,0,0,0,,TURNING ORANGE; SLIT WOUND ON LEFT EAR (FULLY HEALED); ISO'D TWICE; FECES FROM BAG; TWO CLUSTERS OF TICKS ON NECK (VERY CLOSE TO EACH OTHER); 1 NYMPH ON EAR
256,7/24/2019,JEM,7/24/2019,CCESR,south_2,south_2,SUNNY,8:40,JEM,LKA,X6,1,R,pspp,008,34.5,1,1,,,,,B,108,,036,R,036,0,1,0,4,6,0,,0,0,0,,"THIS IS A BIG MOUSE; DNA-036 DESTROYED, ET-036 NOT GIVEN, RECAP MOUSE; ORANGE; 4 SCARS ON TOP OF TAIL NEAR BODY; TINY ANTS CRAWLING ON MOUSE - FROM TRAP?; EAR EDGES IRREGULAR AND SCARRED; FUR IS GRIZZLED; FECES FROM BAG; BOT FLY IN MOUSE RIGHT GROIN AREA"
257,7/24/2019,JEM,7/24/2019,CCESR,south_2,south_2,SUNNY,8:55,JEM,LKA,U9,1,N,pspp,037,17.5,0,,1,0,0,0,G,86,037,037,R,037,0,0,0,1,3,1,,0,0,0,,KINK IN TAIL ABOUT 1/3 WAY DOWN (PREVIOUSLY BROKEN?) = WOUND; BROWN FUR STARTING ON FLANKS (CAN SEE VERY SHORT HAIRS AGAINST SKIN; NIPPLES STARTING; FECES FROM BAG
258,7/24/2019,JEM,7/11/2019,IBSL,ozawindib_2,ozawindib_2,,,JEM,CCA,Z8,1,N,Myodes_spp,,,,,,,,,,,,,,,,,,,,,,0,0,0,,
259,7/24/2019,JEM,7/11/2019,IBSL,ozawindib_2,ozawindib_2,,,JEM,CCA,Z6,1,N,Myodes_spp,,,,,,,,,,,,,,,,,,,,,,0,0,0,,
260,7/24/2019,JEM,7/11/2019,IBSL,ozawindib_2,ozawindib_2,,,JEM,CCA,Z7,1,N,Myodes_spp,,,,,,,,,,,,,,,,,,,,,,0,0,0,,
261,7/24/2019,JEM,7/11/2019,IBSL,ozawindib_2,ozawindib_2,,,JEM,CCA,U3,1,N,Myodes_spp,,,,,,,,,,,,,,,,,,,,,,0,0,0,,
262,7/24/2019,JEM,7/11/2019,IBSL,ozawindib_2,ozawindib_2,,,JEM,CCA,U8,1,N,Myodes_spp,,,,,,,,,,,,,,,,,,,,,,0,0,0,,
263,7/24/2019,JEM,7/11/2019,IBSL,ozawindib_2,ozawindib_2,,,JEM,CCA,U1,1,N,Myodes_spp,,,,,,,,,,,,,,,,,,,,,,0,0,0,,
264,7/24/2019,JEM,7/11/2019,IBSL,ozawindib_2,ozawindib_2,,,JEM,CCA,X6,1,N,Myodes_spp,,,,,,,,,,,,,,,,,,,,,,0,0,0,,
265,7/24/2019,JEM,7/11/2019,IBSL,ozawindib_2,ozawindib_2,,,JEM,CCA,Y8,1,N,Myodes_spp,,,,,,,,,,,,,,,,,,,,,,0,0,0,,
266,7/24/2019,JEM,7/11/2019,IBSL,ozawindib_2,ozawindib_2,,,JEM,CCA,Y4,1,N,Myodes_spp,,,,,,,,,,,,,,,,,,,,,,0,0,0,,
267,7/24/2019,JEM,7/11/2019,IBSL,ozawindib_2,ozawindib_2,,,JEM,CCA,X8,1,N,Zapus,,,,,,,,,,,,,,,,,,,,,,0,0,0,,
268,7/24/2019,JEM,7/13/2019,IBSL,bear_paw_point_1,bear_paw_point_1,,,JEM,CCA,B7,1,N,Myodes_spp,,,,,,,,,,,,,,,,,,,,,,0,0,0,,
269,7/24/2019,JEM,7/13/2019,IBSL,bear_paw_point_1,bear_paw_point_1,,,JEM,CCA,B5,1,N,Microtus_spp,,,,,,,,,,,,,,,,,,,,,,0,0,0,,
270,7/24/2019,JEM,7/13/2019,IBSL,bear_paw_point_1,bear_paw_point_1,,,JEM,CCA,A7,1,N,Microtus_spp,,,,,,,,,,,,,,,,,,,,,,0,0,0,,
271,7/24/2019,JEM,7/13/2019,IBSL,bear_paw_point_1,bear_paw_point_1,,,JEM,CCA,A2,1,N,Myodes_spp,,,,,,,,,,,,,,,,,,,,,,0,0,0,,
272,7/24/2019,JEM,7/13/2019,IBSL,bear_paw_point_1,bear_paw_point_1,,,JEM,CCA,F5,1,N,Microtus_spp,,,,,,,,,,,,,,,,,,,,,,0,0,0,,
273,7/24/2019,JEM,7/13/2019,IBSL,bear_paw_point_1,bear_paw_point_1,,,JEM,CCA,F3,1,N,Myodes_spp,,,,,,,,,,,,,,,,,,,,,,0,0,0,,
274,7/24/2019,JEM,7/13/2019,IBSL,bear_paw_point_2,bear_paw_point_2,,,JEM,CCA,X8,1,N,Microtus_spp,,,,,,,,,,,,,,,,,,,,,,0,0,0,,
275,7/24/2019,JEM,7/13/2019,IBSL,bear_paw_point_2,bear_paw_point_2,,,JEM,CCA,X4,1,N,Myodes_spp,,,,,,,,,,,,,,,,,,,,,,0,0,0,,
276,7/24/2019,JEM,7/13/2019,IBSL,bear_paw_point_2,bear_paw_point_2,,,JEM,CCA,X7,1,N,Myodes_spp,,,,,,,,,,,,,,,,,,,,,,0,0,0,,
277,7/24/2019,JEM,7/13/2019,IBSL,bear_paw_point_2,bear_paw_point_2,,,JEM,CCA,X3,1,N,Microtus_spp,,,,,,,,,,,,,,,,,,,,,,0,0,0,,
278,7/24/2019,JEM,7/13/2019,IBSL,bear_paw_point_2,bear_paw_point_2,,,JEM,CCA,Z9,1,N,Myodes_spp,,,,,,,,,,,,,,,,,,,,,,0,0,0,,
279,7/24/2019,JEM,7/13/2019,IBSL,bear_paw_point_2,bear_paw_point_2,,,JEM,CCA,Y4,1,N,Myodes_spp,,,,,,,,,,,,,,,,,,,,,,0,0,0,,
280,7/24/2019,JEM,7/13/2019,IBSL,bear_paw_point_2,bear_paw_point_2,,,JEM,CCA,Y5,1,N,Myodes_spp,,,,,,,,,,,,,,,,,,,,,,0,0,0,,
281,7/24/2019,JEM,7/13/2019,IBSL,bear_paw_point_2,bear_paw_point_2,,,JEM,CCA,Z6,1,N,Microtus_spp,,,,,,,,,,,,,,,,,,,,,,0,0,0,,
282,7/24/2019,JEM,7/22/2019,CCESR,north_1,north_1,,,JEM,JEM,E2,1,N,Myodes_spp,,,,,,,,,,,,,,,,,,,,,,0,0,0,,
283,7/24/2019,JEM,7/22/2019,CCESR,north_1,north_1,,,JEM,JEM,E8,1,N,Myodes_spp,,,,,,,,,,,,,,,,,,,,,,0,0,0,,
284,7/25/2019,JEM,7/25/2019,CCESR,south_1,south_1,PARTLY CLOUDY,7:35,JEM,LKA,A3,1,N,pspp,038,13,0,,1,0,0,0,G,73,038,038,R,038,0,0,0,0,14,0,,0,0,0,,"ADDITIONAL TICK ON UNDERSIDE OF TAIL, 1/3 OF THE WAY DOWN; FECES FROM BAG"
285,7/25/2019,JEM,7/25/2019,CCESR,south_1,south_1,PARTLY CLOUDY,7:35,JEM,LKA,B8,1,N,pspp,039,20.5,1,0,,,,,B,88,039,039,R,039,0,0,0,0,10,0,,0,0,0,,"P LEU?; TESTES DESCENDING; ISO'D TWICE; SLOW BLEED; FECES FROM MOUSE, SOME FROM BAG"
286,7/25/2019,JEM,7/25/2019,CCESR,south_2,south_2,PARTLY CLOUDY,7:49,JEM,LKA,Y7,1,N,pspp,040,13,1,0,,,,,P,76.5,040,040,R,040,0,0,0,0,3,1,,0,0,0,,TAIL TALK; JUST STARTING P; FECES FROM MOUSE AND BAG; ISO'D TWICE
287,7/25/2019,JEM,7/25/2019,CCESR,south_2,south_2,PARTLY CLOUDY,8:01,JEM,LKA,Y8,1,N,pspp,041,22.5,1,1,,,,,B,98,041,041,R,041,0,0,0,0,3,0,,0,0,0,,MOSTLY DESCENDED TESTES; FECES FROM BAG AND MOUSE
288,7/25/2019,JEM,7/25/2019,CCESR,south_2,south_2,PARTLY CLOUDY,8:13,JEM,LKA,W2,1,N,pspp,042,24.5,0,,0,1,0,0,B,91,042,042,R,042,0,0,0,1,2,0,,0,0,0,,HIND TITS; WOUND: PEELED AWAY SKIN SCABBY WOUND ON TIP OF LEFT EAR; FECES FROM MOUSE AND BAG
289,7/25/2019,JEM,7/25/2019,CCESR,south_2,south_2,PARTLY CLOUDY,8:24,JEM,LKA,X5,1,N,pspp,043,20,1,0,,,,,B,88,043,043,R,043,0,0,0,0,10,0,,0,0,0,,TURNING ORANGE; TESTES DESCENDING; ADDITIONAL TICK UNDERSIDE TAIL HALFWAY DOWN; FECES FROM TRAP; SLOW TO RECOVER FROM ISO
290,7/25/2019,JEM,7/25/2019,CCESR,south_2,south_2,PARTLY CLOUDY,8:36,JEM,LKA,X8,1,N,pspp,044,14,1,0,,,,,P,75,044,044,R,044,0,0,0,2,13,1,,0,0,0,,WOUNDS: RED AND INFLAMMED TICK BITE BEHIND LEFT EAR - SCAR HALFWAY DOWN TAIL ON TOP; JUST STARTING P; ADDITIONAL TICK 1/3 OF THE WAY DOWN THE TAIL ON UNDERSIDE; FECES FROM MOUSE AND TRAP
291,7/25/2019,JEM,7/25/2019,CCESR,south_2,south_2,PARTLY CLOUDY,8:54,JEM,LKA,U5,1,R,pspp,045,25.5,0,,0,1,0,1,B,95,045,045,R,045,0,0,1,1,5,0,,0,0,0,,"TURNING ORANGE; LOST EAR TAG - ET MISSING FROM RIGHT EAR (HEALED - ASSUMED JUNE), PUNCH IN LEFT; HIND TITS; WOUND-BALD SPOT ON TOP OF HEAD, FUR GROWING BACK; SCABBED WOUND BELOW LOWER LEFT NIPPLE - POSSIBLE BOT SCAR, SEEMS TO HAVE AN ENTRY HOLE; FECES FRO"
292,7/25/2019,JEM,7/25/2019,CCESR,south_1,south_1,PARTLY CLOUDY,8:51,JEM,LKA,C5,1,WR,pspp,030,,,,,,,,,,,,,,,,,,,,,0,0,0,,
293,7/25/2019,JEM,7/25/2019,CCESR,south_1,south_1,PARTLY CLOUDY,9:09,JEM,LKA,E7,1,WR,pspp,033,,,,,,,,,,,,,,,,,,,,,0,0,0,,
294,7/25/2019,JEM,7/25/2019,CCESR,south_1,south_1,PARTLY CLOUDY,9:10,JEM,LKA,F7,1,WR,pspp,031,,,,,,,,,,,,,,,,,,,,,0,0,0,,
295,7/25/2019,JEM,7/25/2019,CCESR,south_2,south_2,PARTLY CLOUDY,9:12,JEM,LKA,U9,1,WR,pspp,037,,,,,,,,,,,,,,,,,,,,,0,0,0,,
296,7/25/2019,JEM,7/25/2019,CCESR,south_2,south_2,PARTLY CLOUDY,9:14,JEM,LKA,Y6,1,WR,pspp,035,,,,,,,,,,,,,,,,,,,,,0,0,0,,
297,7/25/2019,JEM,7/25/2019,CCESR,south_2,south_2,PARTLY CLOUDY,9:15,JEM,LKA,Z8,1,WR,pspp,005,,,,,,,,,,,,,,,,,,,,,0,0,0,,TINY ANTS; GNARLY EARS
298,7/26/2019,JEM,7/26/2019,CCESR,Bur Oak Yard E,ccesr_perid,OVERCAST,7:26,JEM,LKA,W2*,1,N,pspp,046,23,0,,1,1,0,0,B,93,046,046,R,046,1,0,0,0,5,0,,0,0,0,,P LEU?; FECES FROM TRAP
299,7/26/2019,JEM,7/26/2019,CCESR,Bur Oak Yard E,ccesr_perid,OVERCAST,7:38,JEM,LKA,W3*,1,N,pspp,047,21.5,1,1,,,,,B,90,047,047,R,047,0,0,0,1,7,0,,0,0,0,,"EAR PUNCH IN L EAR, R EAR ET RIPPED OUT (NOT COUNTED AS WOUNDS); SCAR/SCAB IN CENTER OF LEFT EAR, VISIBLE ON INSIDE AND OUTSIDE OF EAR (WOUND); TESTES MOSTLY DESCENDED; VERY ACTIVE; FECES FROM MOUSE AND BAG; TICK ON EAR PUNCH (ADDED TO HEAD COUNT); 1 NYMP"
300,7/26/2019,JEM,7/26/2019,CCESR,Bur Oak Yard N,ccesr_perid,OVERCAST,7:52,JEM,LKA,X5*,1,N,pspp,048,23,1,1,,,,,B,91,048,048,R,048,0,0,0,0,1,0,,0,0,0,,"RAISED SCAR TISSUE BUMPS ON EARS - 3 INSIDE RIGHT EAR AND ON BACK, 3 OUTSIDE LEFT EAR - MAYBE OLD TICK BITES? NOT COUNTED AS WOUNDS; RUNNY FECES; ISO'D TWICE; FECES FROM MOUSE AND BAG"
301,7/26/2019,JEM,7/26/2019,CCESR,Bur Oak Yard N,ccesr_perid,MOSTLY CLOUDY,8:05,JEM,LKA,X6*,1,N,pspp,049,27.5,1,0,,,,,B,95,049,049,R,049,1,0,0,5,0,0,,0,0,0,,"ORANGE; 3 SCARS TOP OF TAIL NEAR BASE, 2 NEAR TIP; TESTES DESCENDING; FECES FROM MOUSE AND TRAP; BLEEDING FROM EAR PUNCH; ESACPED AT TRUCK WHEN PUTTING BACK IN TRAP, PROCESSING IN YARD SO NOT CONCERNED, DID NOT PURSUE"
302,7/26/2019,JEM,7/26/2019,CCESR,Bur Oak Yard S,ccesr_perid,PARTLY CLOUDY,8:19,JEM,LKA,Y6*,1,N,pspp,050,23.5,1,1,,,,,B,93,050,050,R,050,0,0,0,0,2,0,,0,0,0,,YELLOW DISCOLORED FUR DOWN MIDDLE OF STOMACH; FECES FROM MOUSE; ISO'D TWICE
303,7/26/2019,JEM,7/26/2019,CCESR,Bur Oak Yard S,ccesr_perid,PARTLY CLOUDY,8:31,JEM,LKA,Y7*,1,N,pspp,051,14.5,0,,1,0,0,0,P,71,051,051,R,051,0,0,0,1,0,0,,0,0,0,,JUST STARTING P (MOSTLY GREY); SCAB WOUND ON MOUSE RIGHT SIDE OF CENTER ON STOMACH ABOUT HALF WAY UP - FAR UP TO BE A BOT WOUND; FECES FROM BAG; CALM IN HAND
304,7/26/2019,JEM,7/26/2019,CCESR,Bur Oak Yard S,ccesr_perid,SUNNY,8:41,JEM,LKA,Y8*,1,N,pspp,052,21,0,,0,1,0,0,B,91,052,052,R,052,0,0,0,0,7,0,,0,0,0,,"TAIL TALK; BIG EARS; NICE COAT; V PLUG; VERY DARK STRIPE DOWN BACK WITH BROWNER SIDES, BUT DOESN'T LOOK LIKE A P MOUSE; FECES FROM BAG"
305,7/26/2019,JEM,7/26/2019,CCESR,Bur Oak Garage,ccesr_perid,SUNNY,8:54,JEM,LKA,Z3*,1,N,pspp,053,19,0,,1,1,0,0,B,99,053,053,R,053,0,0,0,0,0,0,,0,0,0,,TAIL TALK; JUST STARTING NIPPLES; BIG EARS; STARTING HIND TITS; FECES FROM BAG
306,7/26/2019,JEM,7/26/2019,CCESR,B3 Tent Platforms,ccesr_perid,SUNNY,9:35,JEM,LKA,A7*,1,N,pspp,054,36,1,0,,,,,B,99.5,054,054,R,054,0,0,0,1,2,0,,0,0,0,,SCABBED WOUND 1/3 OF THE WAY DOWN TAIL ON TOP EXTENDING AROUND TO UNDERSIDE; TESTES DESCENDING; FECES FROM BAG AND TRAP
307,7/26/2019,JEM,7/26/2019,CCESR,B3 Tent Platforms,ccesr_perid,SUNNY,9:46,JEM,LKA,A8*,1,R,pspp,015,28.5,0,,0,1,0,1,B,95.5,,055,L,055,0,0,0,0,2,0,,0,0,0,,"RECAPTURE MOUSE, NO DNA TAKEN OR ET GIVEN, DNA-055 DESTROYED, ET-055 NOT USED; TURNING ORANGE; BRUISED VAGINA; FECES FROM BAG"
308,7/26/2019,JEM,7/26/2019,CCESR,B3 Shed,ccesr_perid,SUNNY,9:59,JEM,LKA,B8*,1,R,pspp,056,21,1,0,,,,,B,86,056,056,L,056,0,0,0,1,1,0,,0,0,0,,"EAR TAG RIPPED OUT, HAS EAR PUNCH (NOT COUNTED AS WOUNDS) - GIVEN NEW DNA# AND NEW ET-056; TAIL TALK; TESTES DESCENDING; SCABBED WOUND DEEP INSIDE RIGHT EAR; FECES FROM BAG"
309,7/26/2019,JEM,7/26/2019,CCESR,MortonBldg Woods,ccesr_perid,SUNNY,10:11,JEM,LKA,D7*,1,R,pspp,018,25,0,,1,1,1,0,B,87.5,,057,L,057,0,0,0,2,6,0,,0,0,0,,"RECAPTURE MOUSE, ET-057 NOT USED, DNA-057 DESTROYED; ORANGE; NOTCH (WOUND) IN LEFT EAR - NOT EAR PUNCH; HIND TITS; RED SPOT INSIDE LEFT EAR (WOUND); BRUISED VAGINA; FECES FROM MOUSE AND BAG"
310,7/30/2019,JEM,7/27/2019,CCESR,Bur Oak Yard N,ccesr_perid,CLEAR,6:44,JEM,LKA,X2*,1,N,pspp,058,18,1,0,,,,,P,80,058,058,R,058,0,0,0,0,2,0,,0,0,0,,NICE COAT; STARTING P; VOCAL; FECES FROM MOUSE AND BAG; ONE NYMPH ON EAR
311,7/30/2019,JEM,7/27/2019,CCESR,Bur Oak Yard S,ccesr_perid,CLEAR,6:55,JEM,LKA,Y3*,1,N,pspp,059,31,1,0,,,,,B,89.5,059,059,R,059,0,0,0,0,4,0,,0,0,0,,TAIL TALK; BIG EARS; TESTES DESCENDING; EDGES TURNING ORANGE; FECES FROM MOUSE AND BAG; BLEEDING FROM EAR PUNCH
312,7/30/2019,JEM,7/27/2019,CCESR,Bur Oak Yard N,ccesr_perid,CLEAR,7:06,JEM,LKA,X3,1,R,pspp,,,,,,,,,,,,,,,,,,,,,,0,0,0,,"TAIL TALK; ET MOUSE, ESCAPED FROM BAG WHILE TRYING TO SCRUFF TO READ ET# - NOT SURE IF R OR WR, RAN UP LARGE OAK TREE BY FRONT DOOR AND COULD NOT RECOVER; JANINE IS AN ASSHOLE"
313,7/31/2019,JEM,7/27/2019,CCESR,Bur Oak Yard N,ccesr_perid,CLEAR,7:09,JEM,LKA,X4*,1,WR,pspp,049,,,,,,,,,,,,,,,,,,,,,0,0,0,,
314,7/31/2019,JEM,7/27/2019,CCESR,Bur Oak Yard N,ccesr_perid,CLEAR,7:11,JEM,LKA,X6*,1,R,pspp,014,28.5,0,,0,1,0,0,B,100,,060,L,060,0,0,0,1,3,0,,0,0,0,,"RECAP MOUSE, DNA-060 DESTROYED, ET-060 NOT USED; TATTERED EARS; SCARRING ON TOP OF TAIL (WOUND); ORANGE; HIND TITS; POSSIBLY PREGNANT; FECES FROM BAG"
315,7/31/2019,JEM,7/27/2019,CCESR,Bur Oak Yard N,ccesr_perid,CLEAR,7:23,JEM,LKA,X7*,1,WR,pspp,047,,,,,,,,,,,,,,,,,,,,,0,0,0,,
316,7/31/2019,JEM,7/27/2019,CCESR,Bur Oak Yard S,ccesr_perid,CLEAR,7:25,JEM,LKA,Y7*,1,WR,pspp,053,,,,,,,,,,,,,,,,,,,,,0,0,0,,
317,7/31/2019,JEM,7/27/2019,CCESR,B3 Tent Platforms,ccesr_perid,SUNNY,8:11,JEM,LKA,A7*,1,N,pspp,061,22,1,0,,,,,B,88,061,061,R,061,0,0,0,0,1,0,061,0,0,0,,"FECES FROM BAG, TESTES DESCENDING; NYMPH ON EAR (NOT ENGORGED) WAS ON EAR PUNCH SO SAVED TT-061"
318,7/31/2019,JEM,7/27/2019,CCESR,B3 Shed,ccesr_perid,SUNNY,8:25,JEM,LKA,B4*,1,N,pspp,062,26,1,1,,,,,B,99,062,062,R,062,1,0,0,0,4,1,,0,0,0,,TAIL TALK; FECES FROM MOUSE AND SOME FROM BAG
319,7/31/2019,JEM,7/27/2019,CCESR,Bur Oak Cabin,ccesr_perid,,,JEM,LKA,,,,,,,,,,,,,,,,,,,,,,,,,TT-BO,,,,,FOUND ENGORGED NYMPH ON TRUCK BED WHEN CLEANING UP - NOT SURE WHO IT CAME FROM BUT SAVED AS TT-BO (BUR OAK)
320,7/31/2019,JEM,7/27/2019,CCESR,B3 Shed,ccesr_perid,SUNNY,8:38,JEM,LKA,B5*,1,N,pspp,063,29.5,0,,1,1,0,1,B,97,063,063,R,063,0,0,0,2,0,0,,0,0,0,,TURNING ORANGE; HIND TITS; BALD PATCH B/W EYES ON SNOUT (WOUND) - RIP IN LEFT EAR (WOUND); FECES FROM TRAP
321,7/31/2019,JEM,7/17/2019,IBSL,IBSL Maintenance,isp_maintenance,,,JEM,JEM,Z4*,1,N,Microtus_spp,,,,,,,,,,,,,,,,,,,,,,0,0,0,,OUTSIDE MESH SHED
322,7/31/2019,JEM,7/17/2019,IBSL,IBSL Maintenance,isp_maintenance,,,JEM,JEM,Z6*,1,N,Microtus_spp,,,,,,,,,,,,,,,,,,,,,,0,0,0,,EDGE OF MESH SHED
323,7/31/2019,JEM,7/17/2019,IBSL,IBSL Maintenance,isp_maintenance,,,JEM,CCA,A8*,1,N,Microtus_spp,,,,,,,,,,,,,,,,,,,,,,0,0,0,,EASTERN WOOD PILE
324,7/31/2019,JEM,7/17/2019,IBSL,IBSL Maintenance,isp_maintenance,,,JEM,CCA,A6*,1,N,Microtus_spp,,,,,,,,,,,,,,,,,,,,,,0,0,0,,EASTERN WOOD PILE
325,7/31/2019,JEM,7/17/2019,IBSL,IBSL Maintenance,isp_maintenance,,,JEM,CCA,A9*,1,N,Microtus_spp,,,,,,,,,,,,,,,,,,,,,,0,0,0,,EASTERN WOOD PILE
326,7/31/2019,JEM,7/17/2019,IBSL,IBSL Maintenance,isp_maintenance,,,JEM,CCA,E1*,1,N,Microtus_spp,,,,,,,,,,,,,,,,,,,,,,0,0,0,,LOG PILE BY SPLIT WOOD PILE
327,7/31/2019,JEM,7/17/2019,IBSL,IBSL Maintenance,isp_maintenance,,,JEM,CCA,X1*,1,N,Microtus_spp,,,,,,,,,,,,,,,,,,,,,,0,0,0,,TRASH PILE
328,7/31/2019,JEM,7/17/2019,IBSL,IBSL Maintenance,isp_maintenance,,,JEM,CCA,X4*,1,N,Tstr,,,,,,,,,,,,,,,,,,,,,,0,0,0,,TRASH PILE
329,7/31/2019,JEM,7/17/2019,IBSL,IBSL Maintenance,isp_maintenance,,,JEM,CCA,Y6*,1,N,Microtus_spp,,,,,,,,,,,,,,,,,,,,,,0,0,0,,ROCK AND RASPBERRY PILE
330,7/31/2019,JEM,7/17/2019,IBSL,IBSL Maintenance,isp_maintenance,,,JEM,CCA,Y3*,1,N,Microtus_spp,,,,,,,,,,,,,,,,,,,,,,0,0,0,,ROCK AND RASPBERRY PILE
331,7/31/2019,JEM,7/17/2019,IBSL,IBSL Maintenance,isp_maintenance,,,JEM,CCA,D1*,1,N,Microtus_spp,,,,,,,,,,,,,,,,,,,,,,0,0,0,,BRUSH PILE
332,7/31/2019,JEM,7/17/2019,IBSL,IBSL Maintenance,isp_maintenance,,,JEM,CCA,X6*,1,N,Microtus_spp,,,,,,,,,,,,,,,,,,,,,,0,0,0,,SMALL PILE OF PALLETS BY TRASH
333,7/31/2019,JEM,7/17/2019,IBSL,IBSL Maintenance,isp_maintenance,,,JEM,CCA,F5*,1,N,Microtus_spp,,,,,,,,,,,,,,,,,,,,,,0,0,0,,WESTERN WOOD PILE
334,7/31/2019,JEM,7/17/2019,IBSL,IBSL Maintenance,isp_maintenance,,,JEM,CCA,F6*,1,N,Microtus_spp,,,,,,,,,,,,,,,,,,,,,,0,0,0,,WESTERN WOOD PILE
335,7/31/2019,JEM,7/17/2019,IBSL,IBSL Maintenance,isp_maintenance,,,JEM,CCA,C2*,1,N,Microtus_spp,,,,,,,,,,,,,,,,,,,,,,0,0,0,,OUTSIDE BIG BROWN STORAGE BARN (NO DOORS - WHERE SARAH SET TRAPS)
336,7/31/2019,JEM,7/25/2019,CCESR,south_2,south_2,,,JEM,JEM,U4,1,N,Zapus,,,,,,,,,,,,,,,,,,,,,,0,0,0,,
337,7/31/2019,JEM,7/25/2019,CCESR,south_1,south_1,,,JEM,JEM,D6,1,N,Zapus,,,,,,,,,,,,,,,,,,,,,,0,0,0,,
338,7/31/2019,JEM,7/25/2019,CCESR,south_1,south_1,,,JEM,JEM,D8,1,N,Microtus_spp,,,,,,,,,,,,,,,,,,,,,,0,0,0,,
339,7/31/2019,JEM,7/26/2019,CCESR,Bur Oak Yard N,ccesr_perid,,,JEM,JEM,X4*,1,N,Myodes_spp,,,,,,,,,,,,,,,,,,,,,,0,0,0,,
340,7/31/2019,JEM,7/26/2019,CCESR,Bur Oak Yard W,ccesr_perid,,,JEM,JEM,V7*,1,N,Myodes_spp,,,,,,,,,,,,,,,,,,,,,,0,0,0,,
341,7/31/2019,JEM,7/26/2019,CCESR,Bur Oak Cabin,ccesr_perid,,,JEM,JEM,U1*,1,N,Microtus_spp,,,,,,,,,,,,,,,,,,,,,,0,0,0,,
342,7/31/2019,JEM,7/26/2019,CCESR,Bur Oak Yard E,ccesr_perid,,,JEM,JEM,W6*,1,N,Myodes_spp,,,,,,,,,,,,,,,,,,,,,,0,0,0,,
343,7/31/2019,JEM,7/26/2019,CCESR,B3 Shed,ccesr_perid,,,JEM,JEM,B5*,1,N,Tstr,,,,,,,,,,,,,,,,,,,,,,0,0,0,,"NOT SO RED RUMP, STRIPES MOSTLY TO TAIL? TAMIAS MINIMUS?"
344,7/30/2019,JEM,7/27/2019,CCESR,Bur Oak Yard W,ccesr_perid,,,JEM,JEM,V4*,1,N,Myodes_spp,,,,,,,,,,,,,,,,,,,,,,0,0,0,,
345,7/31/2019,JEM,7/27/2019,CCESR,Bur Oak Yard N,ccesr_perid,,,JEM,JEM,X8*,1,N,Myodes_spp,,,,,,,,,,,,,,,,,,,,,,0,0,0,,
346,7/31/2019,JEM,7/27/2019,CCESR,Bur Oak Garage,ccesr_perid,,,JEM,JEM,Z4*,1,N,Microtus_spp,,,,,,,,,,,,,,,,,,,,,,0,0,0,,
347,8/14/2019,JEM,8/13/2019,CCESR,north_1,north_1,OVERCAST,7:41,SIW,SIW,F4,1,R,pspp,065,20,1,1,,,,,B,96,065,065,R,065,0,0,0,0,0,0,,1,0,0,005,"EAR PUNCH AND APPEARS TO HAVE RIPPED OUT ET; TURNING ORANGE; GROOMING; 7:46-48 ISO; ISO 2X; VDB005 NOT USED, BLOOD IS B-065; STOPPED BREATHING AFTER SECOND ISO OUT OF BAG DURING ET PLACEMENT; COULD NOT REVIVE; P LEU?"
348,8/14/2019,JEM,8/13/2019,CCESR,north_1,north_1,OVERCAST,8:10,SIW,SIW,F5,1,R,pspp,027,19.5,0,,1,1,0,0,B,93,,067,R,067,0,0,0,0,1,0,,0,0,0,,"TURNING ORANGE; ISO 8:14-18; DNA-067 DESTROYED, RECAP MOUSE; ET-067 NOT USED; STARTING NIPPLES; EXCESSIVE BLEEDING FROM EYE; HIND TITS; FECES FROM MOUSE AND BAG"
349,8/14/2019,JEM,8/13/2019,CCESR,north_2,north_2,SUNNY,8:33,SIW,SIW,Y3,1,R,pspp,023,21.5,0,,0,1,0,0,B,92,,069,R,069,1,0,0,0,0,0,,0,0,0,,"DNA 069 DESTROYED, RECAP MOUSE; ET 069 NOT USED; ISO 8:37-40; FECES FROM BAG; INHALED POOLED BLOOD, CHOKED A BIT BUT RECOVERED"
350,8/14/2019,JEM,8/13/2019,CCESR,north_2,north_2,SUNNY,8:52,SIW,SIW,Y5,1,R,pspp,022,28,1,1,,,,,B,96,,071,R,071,1,0,0,2,0,0,,0,0,0,,"TURNING ORANGE; ISO 8:54-59; DNA-071 DESTROYED, RECAP MOUSE; ET 071 NOT USED; INFECTION AT ET (WOUND); LESS GROOMED; MISSING HAIR ON CHIN/NECK AND SWELLING; FECES FROM BAG"
351,8/14/2019,JEM,8/13/2019,CCESR,north_1,north_1,OVERCAST,7:40,JEM,JEM,A9,1,N,pspp,064,12,1,0,,,,,G,66,064,064,R,064,1,0,0,1,4,0,,0,0,0,,SHORT BODY LENGTH; UNDERFUR STARTING P; WOUND: RED INFLAMMED SPOT CENTER R EAR ON INSIDE; MOUSE AND BAG POO
352,8/14/2019,JEM,8/13/2019,CCESR,north_1,north_1,PARTLY CLOUDY,8:09,JEM,JEM,C1,1,N,pspp,066,18.5,1,0,,,,,B,87,066,066,R,066,1,0,0,0,3,0,,0,0,0,,DEOXY BLOOD; MOUSE AND BAG POO; TESTES PARTIALLY DESCENDED
353,8/14/2019,JEM,8/13/2019,CCESR,north_1,north_1,SUNNY,8:24,JEM,JEM,C4,1,N,pspp,068,18,1,0,,,,,B,87,068,068,R,068,1,0,0,0,2,0,,0,0,0,,TESTES PARTIALLY DESCENDED; BAG POO
354,8/14/2019,JEM,8/13/2019,CCESR,north_2,north_2,SUNNY,8:39,JEM,JEM,X6,1,N,pspp,070,,0,,1,1,0,1,B,86.5,070,070,R,070,0,0,0,1,6,0,070,0,0,0,,"BAG/MOUSE WEIGHT OF 46, NO SECOND WEIGHT; HIND TITS; PREGNANT?; WOUND=INFLAMMED TICK BITE ON BACK OF LEFT EAR; TT-070 WAS UNENGORGED NYMPH ON EAR PUNCH; TURNING ORANGE"
355,8/14/2019,JEM,8/14/2019,CCESR,north_2,north_2,SUNNY,7:51,JEM,JEM,X5,1,WR,pspp,070,27,,,,,,,,,,,,,,,,,,,,0,0,0,,"MOUSE MASS WASN'T RECORDED ON 8.13.19, TAKEN TODAY"
356,8/14/2019,JEM,8/14/2019,CCESR,north_2,north_2,SUNNY,7:57,JEM,JEM,X3,1,WR,pspp,022,,,,,,,,,,,,,,,,,,,,,0,0,0,,
357,8/14/2019,JEM,8/14/2019,CCESR,north_2,north_2,SUNNY,8:00,JEM,JEM,Y7,1,WR,pspp,023,,,,,,,,,,,,,,,,,,,,,0,0,0,,
358,8/14/2019,JEM,8/14/2019,CCESR,north_1,north_1,SUNNY,8:04,JEM,JEM,F5,1,WR,pspp,027,,,,,,,,,,,,,,,,,,,,,0,0,0,,
359,8/14/2019,JEM,8/14/2019,CCESR,north_1,north_1,PARTLY CLOUDY,8:10,JEM,JEM,D1,1,WR,pspp,066,,,,,,,,,,,,,,,,,,,,,0,0,0,,
360,8/14/2019,JEM,8/14/2019,CCESR,north_1,north_1,PARTLY CLOUDY,8:14,JEM,JEM,A1,1,R,pspp,004,26.5,1,0,,,,,B,91.5,,073,L,,0,0,0,0,0,0,,0,0,0,,"NO DNA TAKEN DNA-073 DESTROYED, ET073 NOT USED; LETHARGIC; 3/4 TUBE BLOOD; STOPPED BREATHING IN BAG, STILL HEARTBEAT - REVIVED BUT ONLY ISO'D ONCE; NO FECAL IN BAG/TRAP, NONE FROM MOUSE (NOT DOING SO HOT) AND DIDN'T WANT TO FUSS WITH HIM SO F-073 DESTROYED"
361,8/15/2019,JEM,8/14/2019,CCESR,north_1,north_1,,,JEM,JEM,A2,1,N,Myodes_spp,,,,,,,,,,,,,,,,,,,,,,0,0,0,,
362,8/15/2019,JEM,8/14/2019,CCESR,north_1,north_1,,,JEM,JEM,A4,1,N,Myodes_spp,,,,,,,,,,,,,,,,,,,,,,0,0,0,,
363,8/15/2019,JEM,8/14/2019,CCESR,north_1,north_1,,,JEM,JEM,B2,1,N,Myodes_spp,,,,,,,,,,,,,,,,,,,,,,0,0,0,,
364,8/15/2019,JEM,8/14/2019,CCESR,north_1,north_1,,,JEM,JEM,A5,1,N,Bbrev,,,,,,,,,,,,,,,,,,,,,,0,0,0,,
365,8/15/2019,JEM,8/14/2019,CCESR,north_2,north_2,,,JEM,JEM,U8,1,N,Myodes_spp,,,,,,,,,,,,,,,,,,,,,,0,0,0,,
366,8/15/2019,JEM,8/14/2019,CCESR,north_2,north_2,,,JEM,JEM,X2,1,N,Scin,,,,,,,,,,,,,,,,,,,,,,1,1,1,,KEPT FOR BELL COLLECTIONS
367,8/15/2019,JEM,8/14/2019,CCESR,north_2,north_2,,,JEM,JEM,V5,1,N,Myodes_spp,,,,,,,,,,,,,,,,,,,,,,0,0,0,,
368,8/15/2019,JEM,8/14/2019,CCESR,north_2,north_2,,,JEM,JEM,V2,1,N,Myodes_spp,,,,,,,,,,,,,,,,,,,,,,0,0,0,,
369,8/15/2019,JEM,8/14/2019,CCESR,north_1,north_1,,,JEM,JEM,D8,1,N,Myodes_spp,,,,,,,,,,,,,,,,,,,,,,0,0,0,,
370,8/15/2019,JEM,8/14/2019,CCESR,north_1,north_1,,,JEM,JEM,D6,1,N,Myodes_spp,,,,,,,,,,,,,,,,,,,,,,0,0,0,,
371,8/15/2019,JEM,8/14/2019,CCESR,north_1,north_1,,,JEM,JEM,D3,1,N,Myodes_spp,,,,,,,,,,,,,,,,,,,,,,0,0,0,,
372,8/15/2019,JEM,8/14/2019,CCESR,north_1,north_1,,,JEM,JEM,B4,1,N,Amphibian,,,,,,,,,,,,,,,,,,,,,,0,0,0,,
373,8/15/2019,JEM,8/14/2019,CCESR,north_1,north_1,,,JEM,JEM,D5,1,N,Amphibian,,,,,,,,,,,,,,,,,,,,,,0,0,0,,
374,8/15/2019,JEM,8/14/2019,CCESR,north_1,north_1,,,JEM,JEM,B3,1,N,Amphibian,,,,,,,,,,,,,,,,,,,,,,0,0,0,,
375,8/15/2019,JEM,8/14/2019,CCESR,north_2,north_2,,,SIW,SIW,Y2,1,N,Zapus,,,,,,,,,,,,,,,,,,,,,,0,0,0,,
376,8/15/2019,JEM,8/14/2019,CCESR,north_2,north_2,,,SIW,SIW,Z5,1,N,Zapus,,,,,,,,,,,,,,,,,,,,,,0,0,0,,
377,8/15/2019,JEM,8/14/2019,CCESR,north_2,north_2,,,SIW,SIW,Z6,1,N,Myodes_spp,,,,,,,,,,,,,,,,,,,,,,0,0,0,,
378,8/15/2019,JEM,8/14/2019,CCESR,north_2,north_2,,,SIW,SIW,Z1,1,N,Myodes_spp,,,,,,,,,,,,,,,,,,,,,,0,0,0,,
379,8/15/2019,JEM,8/14/2019,CCESR,north_1,north_1,,,SIW,SIW,E1,1,N,Myodes_spp,,,,,,,,,,,,,,,,,,,,,,0,0,0,,
380,8/15/2019,JEM,8/14/2019,CCESR,north_1,north_1,,,SIW,SIW,E2,1,N,Myodes_spp,,,,,,,,,,,,,,,,,,,,,,0,0,0,,
381,8/15/2019,JEM,8/14/2019,CCESR,north_1,north_1,,,SIW,SIW,E3,1,N,Myodes_spp,,,,,,,,,,,,,,,,,,,,,,0,0,0,,
382,8/15/2019,JEM,8/14/2019,CCESR,north_1,north_1,,,SIW,SIW,E4,1,N,Myodes_spp,,,,,,,,,,,,,,,,,,,,,,0,0,0,,
383,8/15/2019,JEM,8/14/2019,CCESR,north_1,north_1,,,SIW,SIW,E5,1,N,Myodes_spp,,,,,,,,,,,,,,,,,,,,,,0,0,0,,
384,8/15/2019,JEM,8/14/2019,CCESR,north_1,north_1,,,SIW,SIW,F6,1,N,Myodes_spp,,,,,,,,,,,,,,,,,,,,,,0,0,0,,
385,8/15/2019,JEM,8/14/2019,CCESR,north_1,north_1,,,SIW,SIW,F7,1,N,Myodes_spp,,,,,,,,,,,,,,,,,,,,,,0,0,0,,
386,8/15/2019,JEM,8/14/2019,CCESR,north_2,north_2,,,SIW,SIW,Y5,1,N,Microtus_spp,,,,,,,,,,,,,,,,,,,,,,0,0,0,,
387,8/15/2019,JEM,8/15/2019,CCESR,south_2,south_2,,,JEM,JEM,U7,1,N,Bbrev,,,,,,,,,,,,,,,,,,,,,,0,0,0,,
388,8/15/2019,JEM,8/15/2019,CCESR,south_2,south_2,,,JEM,JEM,U8,1,N,Myodes_spp,,,,,,,,,,,,,,,,,,,,,,0,0,0,,
389,8/15/2019,JEM,8/15/2019,CCESR,south_2,south_2,,,JEM,JEM,U9,1,N,Myodes_spp,,,,,,,,,,,,,,,,,,,,,,0,0,0,,
390,8/15/2019,JEM,8/15/2019,CCESR,south_2,south_2,,,JEM,JEM,V1,1,N,Scin,,,,,,,,,,,,,,,,,,,,,,1,1,1,,SAVED FOR BELL COLLECTIONS
391,8/15/2019,JEM,8/14/2019,CCESR,north_2,north_2,SUNNY,7:55,SIW,AEG (ABBY GUTHMANN),U4,1,N,pspp,072,21,0,,1,1,0,0,B,90,072,072,R,072,0,0,0,2,1,0,,0,0,0,,ISO 7:55-59; BLEEDING FROM BIOPSY PUNCH; HIND TITS; SWELLING ON FRONT PAWS (BOTH) = WOUNDS
392,8/15/2019,JEM,8/14/2019,CCESR,north_2,north_2,OVERCAST,8:15,SIW,AEG,F1,1,WR,pspp,068,,,,,,,,,,,,,,,,,,,,,0,0,0,,TAIL TALK
393,8/15/2019,JEM,8/15/2019,CCESR,south_1,south_1,CLOUDY,7:15,SIW,SIW,F4,1,N,pspp,074,22,1,0,,,,,B,85,074,074,R,074,1,1,1,0,0,0,,0,0,0,,"P LEU?; ISO 7:19-?; ISO 2X FOR BODY LENGTH; BOT FLY ON MOUSE R CRAWLED OUT DURING PROCESSING (EW), RECENT BOT FLY WOUND ON LEFT (SCABBING OVER) = BOTSCAR; DNA PUNCH LOST, ISO 3X 7:42-43; FECES FROM BAG"
394,8/15/2019,JEM,8/15/2019,CCESR,south_2,south_2,SUNNY,7:47,SIW,SIW,X4,1,N,pspp,075,14,0,,1,0,0,0,P,76,075,075,R,075,1,1,0,1,1,0,,1,0,0,006,"ISO 7:51-?; PUNCTURE WOUND IN RIGHT BACK LEG; BOTFLY MOUSE LEFT GROIN, EXCESSIVE BLEEDING FROM EYE, STOPPED BREATHING AFTER EYE BLEED AND COULD NOT REVIVE. SAVED FOR BELL COLLECTIONS; FECES FROM BAG; VDEYE-006, VDB-006 DESTROYED, BLOOD IS B-075"
395,8/15/2019,JEM,8/15/2019,CCESR,south_2,south_2,SUNNY,8:20,SIW,SIW,U6,1,N,pspp,076,20,1,0,,,,,P,79,076,076,R,076,1,1,0,0,1,0,,0,0,0,,"BOT ON MOUSE LEFT GROIN; ISO 2X, TAKEN OUT TOO EARLY FOR FIRST BLOOD DRAW; FECES FROM BAG"
396,8/15/2019,JEM,8/15/2019,CCESR,south_1,south_1,SUN AND 1 CLOUD,7:18,JEM,JEM,B2,1,R,pspp,031,26,1,0,,,,,B,95.5,,077,L,077,0,0,0,0,1,0,,0,0,0,,"DNA-077 DESTROYED, ET-077 NOT USED - RECAP MOUSE; TESTES PARTIALLY DESCENDED; STARTING TO TURN ORANGE ON EDGES; MOSTLY BAG POO"
397,8/15/2019,JEM,8/15/2019,CCESR,south_2,south_2,"MOSTLY CLEAR/SUNNY, SOME CLOUDS",7:35,JEM,JEM,X7,1,R,pspp,035,23.5,1,0,,,,,B,87.5,,078,L,078,0,0,0,1,0,0,,0,0,0,,"ORANGE; TESTES PARTIALLY DESCENDED, NOT SCROTAL; ET ALMOST RIPPED OUT; SLOW TO RECOVER FROM ISO; DNA-078 DESTROYED, ET-078 NOT USED - RECAP MOUSE; FECES FROM BAG; WOUND=KEYHOLE SLIT IN LEFT EAR NEAR ET"
398,8/15/2019,JEM,8/15/2019,CCESR,south_2,south_2,SUNNY,7:52,JEM,JEM,X8,1,R,pspp,005,33,1,1,,,,,B,101,,079,R,079,0,1,0,5,2,0,,0,0,0,,"ORANGE; BIG. MAUS.; GNARLY EAR EDGES, CALLING 5 WOUNDS; BOTFLY MOUSE RIGHT UP HIGH NEAR PENIS, NOT AS FAR DOWN GROIN AS USUAL; MOUSE POO AND SOME BAG POO; DNA-079 DESTROYED, ET-079 NOT USED"
399,8/15/2019,JEM,8/15/2019,CCESR,south_2,south_2,SUNNY,8:15,JEM,JEM,U4,1,N,pspp,080,17.5,0,,0,0,0,0,P,84,080,080,R,080,0,0,0,1,1,0,,0,0,0,,BIG EARS; VERY ACTIVE UNDER ISO; WOUND=INFLAMMED TICK BITE INSIDE L EAR; VAGINA KIND OF PUCKERED BUT MORE A LINE THAN OPENING SO IMPERFORATE; MOUSE AND BAG POO
400,8/15/2019,JEM,7/22/2019,CCESR,north_1,north_1,,,JEM,JEM,F9,1,N,Myodes_spp,,,,,,,,,,,,,,,,,,,,,,0,0,0,,
401,8/15/2019,JEM,7/22/2019,CCESR,north_2,north_2,,,JEM,JEM,W3,1,N,Myodes_spp,,,,,,,,,,,,,,,,,,,,,,0,0,0,,
402,8/15/2019,JEM,7/22/2019,CCESR,north_2,north_2,,,JEM,JEM,W4,1,N,Myodes_spp,,,,,,,,,,,,,,,,,,,,,,0,0,0,,
403,8/15/2019,JEM,7/22/2019,CCESR,north_2,north_2,,,JEM,JEM,Z9,1,N,Myodes_spp,,,,,,,,,,,,,,,,,,,,,,0,0,0,,
404,8/15/2019,JEM,7/23/2019,CCESR,north_2,north_2,,,JEM,JEM,U5,1,N,Myodes_spp,,,,,,,,,,,,,,,,,,,,,,0,0,0,,
405,8/15/2019,JEM,7/23/2019,CCESR,north_2,north_2,,,JEM,JEM,W4,1,N,Myodes_spp,,,,,,,,,,,,,,,,,,,,,,0,0,0,,
406,8/15/2019,JEM,7/23/2019,CCESR,north_2,north_2,,,JEM,JEM,Z9,1,N,Myodes_spp,,,,,,,,,,,,,,,,,,,,,,0,0,0,,
407,8/15/2019,JEM,7/23/2019,CCESR,north_1,north_1,,,JEM,JEM,E8,1,N,Myodes_spp,,,,,,,,,,,,,,,,,,,,,,0,0,0,,
408,8/15/2019,JEM,7/23/2019,CCESR,north_1,north_1,,,JEM,JEM,F6,1,N,Myodes_spp,,,,,,,,,,,,,,,,,,,,,,0,0,0,,
409,8/15/2019,JEM,7/23/2019,CCESR,north_1,north_1,,,JEM,JEM,F9,1,N,Myodes_spp,,,,,,,,,,,,,,,,,,,,,,0,0,0,,
410,8/15/2019,JEM,7/23/2019,CCESR,north_1,north_1,,,JEM,JEM,A2,1,N,Myodes_spp,,,,,,,,,,,,,,,,,,,,,,0,0,0,,
411,8/15/2019,JEM,7/23/2019,CCESR,north_1,north_1,,,JEM,JEM,E6,1,N,Myodes_spp,,,,,,,,,,,,,,,,,,,,,,0,0,0,,
412,8/15/2019,JEM,7/24/2019,CCESR,south_2,south_2,,,JEM,LA,U8,1,N,Myodes_spp,,,,,,,,,,,,,,,,,,,,,,0,0,0,,
413,8/15/2019,JEM,7/24/2019,CCESR,south_2,south_2,,,JEM,LA,V6,1,N,Zapus,,,,,,,,,,,,,,,,,,,,,,0,0,0,,
414,8/15/2019,JEM,7/24/2019,CCESR,south_1,south_1,,,JEM,LA,C8,1,N,Zapus,,,,,,,,,,,,,,,,,,,,,,0,0,0,,
415,8/15/2019,JEM,8/13/2019,CCESR,north_1,north_1,,,SIW,SIW,F1,1,N,Myodes_spp,,,,,,,,,,,,,,,,,,,,,,0,0,0,,
416,8/15/2019,JEM,8/13/2019,CCESR,north_1,north_1,,,SIW,SIW,F7,1,N,Myodes_spp,,,,,,,,,,,,,,,,,,,,,,0,0,0,,
417,8/15/2019,JEM,8/13/2019,CCESR,north_1,north_1,,,SIW,SIW,F9,1,N,Myodes_spp,,,,,,,,,,,,,,,,,,,,,,0,0,0,,
418,8/15/2019,JEM,8/13/2019,CCESR,north_1,north_1,,,SIW,SIW,E2,1,N,Myodes_spp,,,,,,,,,,,,,,,,,,,,,,0,0,0,,
419,8/15/2019,JEM,8/13/2019,CCESR,north_1,north_1,,,SIW,SIW,E4,1,N,Myodes_spp,,,,,,,,,,,,,,,,,,,,,,0,0,0,,
420,8/15/2019,JEM,8/13/2019,CCESR,north_2,north_2,,,JEM,SIW,V5,1,N,Myodes_spp,,,,,,,,,,,,,,,,,,,,,,0,0,0,,
421,8/15/2019,JEM,8/13/2019,CCESR,north_2,north_2,,,JEM,SIW,W3,1,N,Myodes_spp,,,,,,,,,,,,,,,,,,,,,,0,0,0,,
422,8/15/2019,JEM,8/13/2019,CCESR,north_2,north_2,,,JEM,SIW,D7,1,N,Bbrev,,,,,,,,,,,,,,,,,,,,,,0,0,0,,
423,8/15/2019,JEM,8/13/2019,CCESR,north_2,north_2,,,SIW,SIW,Z1,1,N,Myodes_spp,,,,,,,,,,,,,,,,,,,,,,0,0,0,,
424,8/15/2019,JEM,8/13/2019,CCESR,north_2,north_2,,,SIW,SIW,Z9,1,N,Myodes_spp,,,,,,,,,,,,,,,,,,,,,,0,0,0,,
425,8/17/2019,JEM,8/16/2019,CCESR,south_1,south_1,"OVERCAST, BREEZY, WET",7:47,JEM,JEM,C7,1,WR,pspp,031,,,,,,,,,,,,,,,,,,,,,0,0,0,,TAIL TALK
426,8/14/2019,JEM,8/16/2019,CCESR,south_1,south_1,"OVERCAST, WET",7:52,JEM,JEM,E4,1,R,pspp,038,23.5,0,,1,1,0,0,B,90,,083,L,083,0,1,0,0,0,0,,0,0,0,,"BOT MOUSE LEFT GROIN AREA; SUPER ACTIVE IN BAG; STARTING NIPPLES; MUSHY POO, NONE IN BAG 1-2 TURDS FROM MOUSE; DNA-083 DESTROYED, ET-083 NOT USED"
427,8/17/2019,JEM,8/16/2019,CCESR,south_2,south_2,"OVERCAST, BREEZY, WET",8:09,JEM,JEM,Z6,1,WR,pspp,035,,,,,,,,B,,,,,078-2,,,,,,,,0,0,0,,"LETHARGIC, ORANGE, FECAL FROM MOUSE F-078-2"
428,8/17/2019,JEM,8/16/2019,CCESR,south_2,south_2,"OVERCAST, L RAIN",7:46,SIW,SIW,U4,1,N,pspp,081,22,1,1,,,,,B,80,081,081,R,081,0,0,1,0,0,0,,0,0,0,,"BOT SCAR MOUSE LEFT GROIN AREA; TAIL TALK; ISO 7:50; ISO 2X, SLOW BLEED; FECES FROM BAG"
429,8/17/2019,JEM,8/16/2019,CCESR,south_2,south_2,,,JEM,JEM,,,,,,,,,,,,,,,,,,,,,,,,,,,,,,"3 X TRAPS, 2 Y TRAPS, 1 ON MAYBE U OR V -- ALL CLOSED WITH NOTHING INSIDE --> HEAVY RAIN LAST NIGHT?"
430,8/17/2019,JEM,8/16/2019,CCESR,south_2,south_2,OVERCAST,8:11,SIW,SIW,Y8,1,N,pspp,082,22.5,1,1,,,,,B,90,082,082,R,082,0,0,0,0,0,0,,0,0,0,,"GROOMING; BLEEDING FROM BIOPSY PUNCH; STOPPED BREATHING AFTER BIOPSY PUNCH, LIVED; FECES FROM BAG"
431,8/21/2019,JEM,8/18/2019,CCESR,Bur Oak Yard S,ccesr_perid,"OVERCAST, WET",7:08,SIW,"SIW, JEM",Y6,1,N,pspp,098,20.5,1,1,,,,,B,91,098,098,R,098,0,0,0,1,1,0,,0,0,0,,WOUND: CHUNK OF L EAR MISSING; GROOMING; ISO 7:12; BLEEDING FROM BIOPSY PUNCH; FECES FROM BAG
432,8/21/2019,JEM,8/18/2019,CCESR,Bur Oak Yard N,ccesr_perid,"OVERCAST, WET",7:23,SIW,JEM,X3,1,N,pspp,099,19,1,0,,,,,P,81,099,099,R,099,1,0,0,1,1,0,,0,0,0,,WOUND: SMALL CUT ON BACK OF LEFT FRONT FOOT; ACTIVE UNDER ISO; BIG EARS; STARTING P; FECAL FROM BAG
433,8/21/2019,JEM,8/18/2019,CCESR,MortonBldg Woods,ccesr_perid,OVERCAST,8:11,SIW,SIW,D2,1,N,pspp,175,24,0,,0,1,0,1,B,94,175,175,R,175,0,0,0,0,1,0,,0,0,0,,"ISO 8:14-17; ACTIVE; STARTING NIPPLES; V PLUG; FECAL FROM BAG; FORGOT TO WEIGH BAG, WEIGHT APPROX"
434,8/21/2019,JEM,8/18/2019,CCESR,MortonBldg Outside,ccesr_perid,SUNNY,8:30,SIW,SIW,E4,1,N,pspp,176,10,0,,1,0,0,0,G,72,176,176,R,176,0,0,0,3,1,0,,0,0,0,,"ISO 8:33-35; WOUND: TAIL BROKEN IN TWO PLACES, CUT NEAR GROIN (POSSIBLE HEALED BOTSCAR?)"
435,8/21/2019,JEM,8/18/2019,CCESR,B3 Tent Platforms,ccesr_perid,SUNNY ISH,8:49,SIW,SIW,A6,1,N,pspp,178,16,1,0,,,,,B,84,178,178,R,178,1,0,0,0,5,0,,0,0,0,,"ISO 8:50-8:52; WOKE UP DURING EYE BLEED, ISO 2X; BLEEDING FROM BIOPSY PUNCH"
436,8/21/2019,JEM,8/17/2019,CCESR,Bur Oak Yard S,ccesr_perid,HALF CLOUD,6:53,SIW,SIW,Y1,1,N,pspp,084,23,0,,0,1,0,0,B,93,084,084,R,084,1,0,0,1,2,0,,0,0,0,,ISO 6:55-58; MISSING CHUNKS OF R EAR; HIND TITS; ISO 2X WOKE TOO QUICKLY FOR EAR TAG/BIOPSY; FECAL FROM BAG
437,8/21/2019,JEM,8/17/2019,CCESR,Bur Oak Yard W,ccesr_perid,SOME CLOUDS,7:16,SIW,SIW,V1,1,N,pspp,085,24,1,0,,,,,P,84,085,085,R,085,0,0,0,2,0,0,,0,0,0,,"ISO 7:17-19; WOUND: R FRONT FOREARM AREA, LOWER LIP; FECAL FROM BAG; JUST STARTING P"
438,8/21/2019,JEM,8/17/2019,CCESR,Bur Oak Garage,ccesr_perid,LIMITED CLOUDS,7:33,SIW,SIW,Z3,1,R,pspp,053,29,0,,1,1,0,0,B,95,,089,R,089,0,0,0,0,0,0,,0,0,0,,ISO 7:57-59; TAIL TALK; ISO 2X; FECAL FROM BAG; WEIGHT SEEMS INACCURATE (BUT SIW RECHECKED)
439,8/21/2019,JEM,8/17/2019,CCESR,Bur Oak Yard E,ccesr_perid,HALF CLOUD,6:51,JEM,JEM,W6,1,R,pspp,046,27,0,,1,1,0,0,B,98,,086,L,086,0,0,0,0,0,0,,0,0,0,,"P LEU?; GROOMING; ACTIVE UNDER ISO; STARTING HIND TITS; NICE COAT; SOMETHING 1-2MM WEIRD WHITE AND HARD IN VAGINA, LIKE A PLATE - V PLUG?; DNA-086 DESTROYED, ET-086 NOT USED; BAG POO"
440,8/21/2019,JEM,8/17/2019,CCESR,,,,,JEM,JEM,,,,,,,,,,,,,,,,,,,,,,,,,,,,,,BUR OAK: 2 X TRAPS (NORTH) AND 1 V (WEST) TRAP CLOSED
441,8/21/2019,JEM,8/17/2019,CCESR,Bur Oak Yard S,ccesr_perid,CLEAR W HIGH CLOUDS,7:08,JEM,JEM,Y6,1,R,pspp,050,23.5,1,1,,,,,B,92,,087,L,087,0,0,0,1,0,0,,0,0,0,,"WOUND - KINK IN TAIL TIP; YELLOWISH FUR ON STOMACH; DNA-087 DESTROYED, ET-087 NOT USED; 1.5 TUBES OF BLOOD, WOKE UP; FEISTY; MOUSE POO AND SOME BAG POO"
442,8/21/2019,JEM,8/17/2019,CCESR,Bur Oak Garage,ccesr_perid,"SUN, HIGH CLOUDS",7:22,JEM,JEM,Z6,1,R,pspp,052,23,0,,0,1,1,1,B,90.5,,088,L,088,0,0,0,0,0,0,,0,0,0,,"P LEU?; DNA-088 DESTROYED, ET-088 NOT USED; TAIL TALK; HIND TITS; BIT PREGNANT? EARLY; V PLUG; SLOW TO RECOVER ISO; BAG POO"
443,8/30/2019,JEM,8/17/2019,CCESR,MortonBldg Woods,ccesr_perid,SUNNYISH,8:24,SIW,SIW,D7*,1,N,pspp,090,19.5,1,0,,,,,B,94,090,090,R,090,1,0,0,1,1,0,,0,0,0,,ISO 8:26-29; FECES FROM BAG; SWOLLEN DIGIT 2 ON L FRONT PAW (WOUND)
444,8/30/2019,JEM,8/17/2019,CCESR,B3 Shed,ccesr_perid,SUNNY,8:38,SIW,SIW,B6*,1,N,pspp,091,27,1,1,,,,,B,99,091,091,R,091,1,0,0,0,1,1,,0,0,0,,"TAIL TALK; PINK TAIL TIP; GROOMING; ISO 8:42-45; ISO 2X FOR BIOPSY, UNDER 30 SEC; WEIGHT SEEMS ACCURATE, BIG GUY"
445,8/30/2019,JEM,8/17/2019,CCESR,B3 Tent Platforms,ccesr_perid,SUNNY,8:57,SIW,SIW,A5*,1,N,pspp,092,13,0,,1,0,0,0,P,81,092,092,R,092,0,0,0,0,1,0,,0,0,0,,ISO 9:00-04; FECES FROM BAG
446,8/30/2019,JEM,8/17/2019,CCESR,B3 Tent Platforms,ccesr_perid,SUNNY,9:13,SIW,SIW,A7*,1,R,pspp,015,22.5,0,,0,1,1,0,B,94,,097,R,097,0,0,0,1,0,0,,0,0,0,,"ISO 9:16-20, WOUND: 3RD DIGIT FRONT L PAW BLOODY; HIND TITS; FECES FROM BAG; DNA-097 DESTROYED ET-097 NOT USED"
447,8/30/2019,JEM,8/17/2019,CCESR,B3 Shed,ccesr_perid,SUNNY,8:20,JEM,JEM,B4*,1,R,pspp,054,28,1,1,,,,,B,101,,093,L,093,1,0,1,1,0,1,,0,0,0,,"WOUND: SCAR ON TAIL; HEALING BUT OPEN WOUND (SCABBED, DRY) UNDER PENIS, ABOUT 2-3 MM IN DIAMETER, BOT EMERGENCE?; BIG BOI; BAG POO; DNA-093 DESTROYED, ET-093 NOT USED"
448,8/30/2019,JEM,8/17/2019,CCESR,B3 Shed,ccesr_perid,SUNNY,8:36,JEM,JEM,B5*,1,R,pspp,063,27.5,0,,0,1,1,1,B,96.5,,094,L,094,0,0,0,1,0,0,,0,0,0,,"ORANGE; WOUND: NOTCH MISSING L EAR; HIND TITS; PREGNANT?; BAG POOL; DNA-094 DESTROYED, ET-094 NOT USED"
449,8/30/2019,JEM,8/17/2019,CCESR,MortonBldg Woods,ccesr_perid,SUNNY,8:50,JEM,JEM,D3*,1,R,pspp,018,29.5,0,,1,1,1,1,B,94,,095,R,095,0,0,0,1,7,0,,0,0,0,,"DNA-095 DESTROYED, ET-095 NOT USED; WOUND: EAR NOTCH; TURNING ORANGE; HIND TITS; V PREGNANT; BAG POO"
450,8/30/2019,JEM,8/17/2019,CCESR,B3 Tent Platforms,ccesr_perid,SUNNY,9:04,JEM,JEM,A3*,1,R,pspp,056,20.5,1,0,,,,,B,87,,096,R,096,1,0,0,5,3,2,,0,0,0,,"DNA-096 DESTROYED, ET-096 NOT USED; TAIL TALK, GROOMING; TESTES PARTIALLY DESCENDED; MOUSE AND BAG POO; WOUNDS: 2 EXTRA HOLES IN EAR AND 2 SCABS AND 1 BALD PATCH (CHIN/NECK); 2 NECK TICKS ALONG SCABS/BALD PATCH"
451,8/30/2019,JEM,8/18/2019,CCESR,Bur Oak Yard E,ccesr_perid,OVERACST,7:07,JEM,JEM,W5*,1,WR,pspp,046,,,,,,,,,,,,,,,,,,,,,0,0,0,,
452,8/30/2019,JEM,8/18/2019,CCESR,Bur Oak Yard N,ccesr_perid,,,JEM,JEM,,,,,,,,,,,,,,,,,,,,,,,,,,,,,,X HAD 3 CLOSED TRAPS
453,8/30/2019,JEM,8/18/2019,CCESR,Bur Oak Yard W,ccesr_perid,,,JEM,JEM,,,,,,,,,,,,,,,,,,,,,,,,,,,,,,V HAD 1 CLOSED TRAP
454,8/30/2019,JEM,8/18/2019,CCESR,Bur Oak Garage,ccesr_perid,OVERCAST,7:11,JEM,JEM,Z6*,1,WR,pspp,053,,,,,,,,,,,,,,,,,,,,,0,0,0,,
455,8/30/2019,JEM,8/18/2019,CCESR,B3 Shed,ccesr_perid,OVERCAST,8:12,JEM,JEM,B5*,1,WR,pspp,054,,,,,,,,,,,,,093-2,,,,,,,,0,0,0,,FECAL FROM MOUSE F-093-2
456,8/30/2019,JEM,8/18/2019,CCESR,B3 Shed,ccesr_perid,OVERCAST,8:18,JEM,JEM,B3*,1,WR,pspp,056,,,,,,,,,,,,,,,,,,,,,0,0,0,,
457,8/30/2019,JEM,8/18/2019,CCESR,B3 Shed,ccesr_perid,OVERCAST,8:21,JEM,JEM,B7*,1,WR,pspp,063,,,,,,,,,,,,,,,,,,,,,0,0,0,,GROOMING; TAIL TALK
458,8/30/2019,JEM,8/18/2019,CCESR,B3 Tent Platforms,ccesr_perid,MOSTLY SUNNY,8:24,JEM,JEM,A7*,1,WR,pspp,015,,,,,,,,,,,,,097-2,,,,,,,,0,0,0,,FECAL FROM MOUSE F-097-2
459,8/30/2019,JEM,8/18/2019,CCESR,MortonBldg Woods,ccesr_perid,SUN AND CLOUD,8:29,JEM,JEM,D3*,1,WR,pspp,018,,,,,,,,,,,,,095-2,,,,,,,,0,0,0,,FECAL FROM MOUSE F-095-2; STILL VERY PREGNANT
460,8/30/2019,JEM,8/18/2019,CCESR,B3 Tent Platforms,ccesr_perid,OVERCAST,8:35,JEM,JEM,A2*,1,N,pspp,177,21,1,0,,,,,B,83,177,177,R,177,0,1,0,0,0,0,,0,0,0,,"BOTFLY MOUSE RIGHT GROIN; FECAL FROM BAG; CLEAN COAT

CEDAR CREEK MOUSE-RAN OUT OF EAR TAGS"
461,8/30/2019,JEM,7/27/2019,CCESR,MortonBldg Outside,ccesr_perid,,,JEM,JEM,E2*,1,N,Tstr,,,,,,,,,,,,,,,,,,,,,,0,0,0,,
462,8/30/2019,JEM,7/27/2019,CCESR,B3 Shed,ccesr_perid,,,JEM,JEM,B3*,1,N,Tstr,,,,,,,,,,,,,,,,,,,,,,0,0,0,,
463,8/30/2019,JEM,8/14/2019,CCESR,north_2,north_2,,,SIW,SIW,Z9,1,N,Microtus_spp,,,,,,,,,,,,,,,,,,,,,,0,0,0,,
464,8/30/2019,JEM,8/14/2019,CCESR,north_2,north_2,,,SIW,SIW,Z4,1,N,Microtus_spp,,,,,,,,,,,,,,,,,,,,,,0,0,0,,
465,8/30/2019,JEM,8/14/2019,CCESR,north_1,north_1,,,SIW,SIW,E7,1,N,Microtus_spp,,,,,,,,,,,,,,,,,,,,,,0,0,0,,
466,8/30/2019,JEM,8/15/2019,CCESR,south_1,south_1,,,SIW,SIW,C4,1,N,Myodes_spp,,,,,,,,,,,,,,,,,,,,,,0,0,0,,
467,8/30/2019,JEM,8/15/2019,CCESR,south_1,south_1,,,SIW,SIW,B7,1,N,Bbrev,,,,,,,,,,,,,,,,,,,,,,0,0,0,,
468,8/30/2019,JEM,8/15/2019,CCESR,south_1,south_1,,,SIW,SIW,D6,1,N,Zapus,,,,,,,,,,,,,,,,,,,,,,0,0,0,,
469,8/30/2019,JEM,8/16/2019,CCESR,south_2,south_2,,,JEM,JEM,V1,1,N,Bbrev,,,,,,,,,,,,,,,,,,,,,,1,1,1,,SAVED FOR BELL
470,8/30/2019,JEM,8/16/2019,CCESR,south_1,south_1,,,SIW,SIW,D5,1,N,Bbrev,,,,,,,,,,,,,,,,,,,,,,1,1,1,,SAVED FOR BELL
471,8/30/2019,JEM,8/16/2019,CCESR,south_1,south_1,,,SIW,SIW,E3,1,N,Bbrev,,,,,,,,,,,,,,,,,,,,,,1,1,1,,SAVED FOR BELL
472,8/30/2019,JEM,8/16/2019,CCESR,south_1,south_1,,,SIW,SIW,B7,1,N,Bbrev,,,,,,,,,,,,,,,,,,,,,,0,0,0,,
473,8/30/2019,JEM,8/16/2019,CCESR,south_1,south_1,,,SIW,SIW,C8,1,N,Bbrev,,,,,,,,,,,,,,,,,,,,,,0,0,0,,
474,8/30/2019,JEM,8/16/2019,CCESR,south_1,south_1,,,SIW,SIW,B5,1,N,Myodes_spp,,,,,,,,,,,,,,,,,,,,,,0,0,0,,
475,8/30/2019,JEM,8/16/2019,CCESR,south_1,south_1,,,SIW,SIW,D3,1,N,Myodes_spp,,,,,,,,,,,,,,,,,,,,,,0,0,0,,
476,8/30/2019,JEM,8/16/2019,CCESR,south_2,south_2,,,JEM,SIW,U8,1,N,Myodes_spp,,,,,,,,,,,,,,,,,,,,,,0,0,0,,
477,8/30/2019,JEM,8/16/2019,CCESR,south_2,south_2,,,JEM,SIW,Z5,1,N,Myodes_spp,,,,,,,,,,,,,,,,,,,,,,0,0,0,,
478,8/30/2019,JEM,8/16/2019,CCESR,south_2,south_2,,,JEM,SIW,V3,1,N,Zapus,,,,,,,,,,,,,,,,,,,,,,0,0,0,,
479,8/30/2019,JEM,8/16/2019,CCESR,south_2,south_2,,,JEM,SIW,W7,1,N,Microtus_spp,,,,,,,,,,,,,,,,,,,,,,0,0,0,,
480,8/30/2019,JEM,8/16/2019,CCESR,south_2,south_2,,,JEM,SIW,Z7,1,N,Microtus_spp,,,,,,,,,,,,,,,,,,,,,,0,0,0,,
481,8/30/2019,JEM,8/16/2019,CCESR,south_2,south_2,,,JEM,SIW,X8,1,N,Bbrev,,,,,,,,,,,,,,,,,,,,,,0,0,0,,
482,8/30/2019,JEM,8/17/2019,CCESR,B3 Tent Platforms,ccesr_perid,,,SIW,SIW,A1*,1,N,Tstr,,,,,,,,,,,,,,,,,,,,,,0,0,0,,
483,8/30/2019,JEM,8/17/2019,CCESR,B3 Tent Platforms,ccesr_perid,,,SIW,SIW,A4*,1,N,Myodes_spp,,,,,,,,,,,,,,,,,,,,,,0,0,0,,
484,8/30/2019,JEM,8/18/2019,CCESR,Bur Oak Yard E,ccesr_perid,,,SIW,SIW,W2*,1,N,Myodes_spp,,,,,,,,,,,,,,,,,,,,,,0,0,0,,
485,8/30/2019,JEM,8/18/2019,CCESR,Bur Oak Yard E,ccesr_perid,,,SIW,SIW,W8*,1,N,Myodes_spp,,,,,,,,,,,,,,,,,,,,,,0,0,0,,
486,8/30/2019,JEM,8/18/2019,CCESR,Bur Oak Yard S,ccesr_perid,,,SIW,SIW,Y2*,1,N,Myodes_spp,,,,,,,,,,,,,,,,,,,,,,0,0,0,,
487,8/30/2019,JEM,8/18/2019,CCESR,Bur Oak Yard S,ccesr_perid,,,SIW,SIW,Y3*,1,N,Myodes_spp,,,,,,,,,,,,,,,,,,,,,,0,0,0,,
488,8/30/2019,JEM,8/18/2019,CCESR,Bur Oak Garage,ccesr_perid,,,SIW,SIW,Z1*,1,N,Myodes_spp,,,,,,,,,,,,,,,,,,,,,,0,0,0,,
489,8/30/2019,JEM,8/18/2019,CCESR,Bur Oak Yard S,ccesr_perid,,,SIW,SIW,Y5*,1,N,Bbrev,,,,,,,,,,,,,,,,,,,,,,1,1,1,,SAVED FOR BELL
490,8/30/2019,JEM,8/18/2019,CCESR,Bur Oak Garage,ccesr_perid,,,SIW,SIW,Z8*,1,N,Bbrev,,,,,,,,,,,,,,,,,,,,,,0,0,0,,
491,8/30/2019,JEM,8/18/2019,CCESR,MortonBldg Woods,ccesr_perid,,,SIW,SIW,D5*,1,N,Scin,,,,,,,,,,,,,,,,,,,,,,1,1,1,,SAVED FOR BELL
492,8/30/2019,JEM,8/17/2019,CCESR,Bur Oak Yard W,ccesr_perid,,,JEM,JEM,V3*,1,N,Scin,,,,,,,,,,,,,,,,,,,,,,1,1,1,,"WAS BARELY ALIVE WHEN CHECKED TRAP (BREATHING BUT NOT CAPABLE OF WALKING), LEFT ON GROUND BUT WAS DEAD BY THE TIME WE FINISHED PROCESSING; SAVED FOR BELL"
493,8/30/2019,JEM,8/17/2019,CCESR,Bur Oak Yard W,ccesr_perid,,,JEM,JEM,V4*,1,N,Myodes_spp,,,,,,,,,,,,,,,,,,,,,,0,0,0,,
494,8/30/2019,JEM,8/17/2019,CCESR,Bur Oak Cabin,ccesr_perid,,,JEM,JEM,U4*,1,N,Microtus_spp,,,,,,,,,,,,,,,,,,,,,,0,0,0,,
495,8/30/2019,JEM,8/17/2019,CCESR,Bur Oak Yard N,ccesr_perid,,,JEM,JEM,X8*,1,N,Myodes_spp,,,,,,,,,,,,,,,,,,,,,,0,0,0,,
496,8/30/2019,JEM,8/17/2019,CCESR,Bur Oak Yard S,ccesr_perid,,,SIW,SIW,Y3*,1,N,Myodes_spp,,,,,,,,,,,,,,,,,,,,,,0,0,0,,
497,8/30/2019,JEM,8/17/2019,CCESR,Bur Oak Yard S,ccesr_perid,,,SIW,SIW,Y5*,1,N,Myodes_spp,,,,,,,,,,,,,,,,,,,,,,0,0,0,,
498,8/30/2019,JEM,8/17/2019,CCESR,Bur Oak Yard E,ccesr_perid,,,SIW,SIW,W2*,1,N,Myodes_spp,,,,,,,,,,,,,,,,,,,,,,0,0,0,,
499,8/30/2019,JEM,8/17/2019,CCESR,Bur Oak Yard E,ccesr_perid,,,SIW,SIW,W4*,1,N,Myodes_spp,,,,,,,,,,,,,,,,,,,,,,0,0,0,,
500,8/30/2019,JEM,8/18/2019,CCESR,Bur Oak Yard W,ccesr_perid,,,JEM,JEM,V1*,1,N,Bbrev,,,,,,,,,,,,,,,,,,,,,,0,0,0,,
501,8/30/2019,JEM,8/18/2019,CCESR,Bur Oak Yard W,ccesr_perid,,,JEM,JEM,V8*,1,N,Myodes_spp,,,,,,,,,,,,,,,,,,,,,,0,0,0,,
502,8/30/2019,JEM,8/18/2019,CCESR,Bur Oak Yard N,ccesr_perid,,,JEM,JEM,X8*,1,N,Scin,,,,,,,,,,,,,,,,,,,,,,0,0,0,,ACTUALLY ALIVE
503,8/30/2019,JEM,8/18/2019,CCESR,Bur Oak Cabin,ccesr_perid,,,JEM,JEM,U8*,1,N,Zapus,,,,,,,,,,,,,,,,,,,,,,0,0,0,,
